#
# There is insufficient memory for the Java Runtime Environment to continue.
# Native memory allocation (mmap) failed to map 65536 bytes. Error detail: Failed to commit metaspace.
# Possible reasons:
#   The system is out of physical RAM or swap space
#   This process is running with CompressedOops enabled, and the Java Heap may be blocking the growth of the native heap
# Possible solutions:
#   Reduce memory load on the system
#   Increase physical memory or swap space
#   Check if swap backing store is full
#   Decrease Java heap size (-Xmx/-Xms)
#   Decrease number of Java threads
#   Decrease Java thread stack sizes (-Xss)
#   Set larger code cache with -XX:ReservedCodeCacheSize=
#   JVM is running with Unscaled Compressed Oops mode in which the Java heap is
#     placed in the first 4GB address space. The Java Heap base address is the
#     maximum limit for the native heap growth. Please use -XX:HeapBaseMinAddress
#     to set the Java Heap base and to place the Java Heap above 4GB virtual address.
# This output file may be truncated or incomplete.
#
#  Out of Memory Error (virtualSpaceNode.cpp:113), pid=9920, tid=5144
#
# JRE version: OpenJDK Runtime Environment Microsoft-13877124 (25.0.3+9) (build 25.0.3+9-LTS)
# Java VM: OpenJDK 64-Bit Server VM Microsoft-13877124 (25.0.3+9-LTS, mixed mode, emulated-client, sharing, tiered, compressed oops, compressed class ptrs, g1 gc, windows-amd64)
# No core dump will be written. Minidumps are not enabled by default on client versions of Windows
#

---------------  S U M M A R Y ------------

Command Line: -XX:TieredStopAtLevel=1 com.company.chatplatform.notificationservice.NotificationApplication

Host: AMD Ryzen 5 3550H with Radeon Vega Mobile Gfx  , 8 cores, 3G,  Windows 11 , 64 bit Build 22621 (10.0.22621.5415)
Time: Wed Jul 22 00:01:12 2026 India Standard Time elapsed time: 8.915159 seconds (0d 0h 0m 8s)

---------------  T H R E A D  ---------------

Current thread (0x00000184e3649d60):  JavaThread "main"             [_thread_in_vm, id=5144, stack(0x000000059c100000,0x000000059c200000) (1024K)]

Stack: [0x000000059c100000,0x000000059c200000]
Native frames: (J=compiled Java code, j=interpreted, Vv=VM code, C=native code)
V  [jvm.dll+0x7b1649]  (no source info available)
V  [jvm.dll+0x77eabd]  (no source info available)
V  [jvm.dll+0x9ffcd3]  (no source info available)
V  [jvm.dll+0xa022ac]  (no source info available)
V  [jvm.dll+0xa029a3]  (no source info available)
V  [jvm.dll+0x304c16]  (no source info available)
V  [jvm.dll+0x9fcbdf]  (no source info available)
V  [jvm.dll+0x749744]  (no source info available)
V  [jvm.dll+0x2606e7]  (no source info available)
V  [jvm.dll+0x2604ae]  (no source info available)
V  [jvm.dll+0x74c166]  (no source info available)
V  [jvm.dll+0x74be27]  (no source info available)
V  [jvm.dll+0x2a24a2]  (no source info available)
V  [jvm.dll+0x74a16e]  (no source info available)
V  [jvm.dll+0x2ea005]  (no source info available)
V  [jvm.dll+0x1b82fb]  (no source info available)
V  [jvm.dll+0x30b769]  (no source info available)
V  [jvm.dll+0x30cb36]  (no source info available)
V  [jvm.dll+0x28a638]  (no source info available)
V  [jvm.dll+0x289d7d]  (no source info available)
V  [jvm.dll+0x6748c5]  (no source info available)
V  [jvm.dll+0x96f7c5]  (no source info available)
V  [jvm.dll+0x524a21]  (no source info available)
V  [jvm.dll+0x52aab5]  (no source info available)
C  [java.dll+0x17f2]  (no source info available)

Java frames: (J=compiled Java code, j=interpreted, Vv=VM code)
J 522  java.lang.ClassLoader.defineClass1(Ljava/lang/ClassLoader;Ljava/lang/String;[BIILjava/security/ProtectionDomain;Ljava/lang/String;)Ljava/lang/Class; java.base@25.0.3 (0 bytes) @ 0x00000184ee4e0d41 [0x00000184ee4e0c80+0x00000000000000c1]
J 937 c1 java.lang.ClassLoader.defineClass(Ljava/lang/String;[BIILjava/security/ProtectionDomain;)Ljava/lang/Class; java.base@25.0.3 (43 bytes) @ 0x00000184ee557f1c [0x00000184ee557e00+0x000000000000011c]
J 765 c1 jdk.internal.loader.BuiltinClassLoader.defineClass(Ljava/lang/String;Ljdk/internal/loader/Resource;)Ljava/lang/Class; java.base@25.0.3 (121 bytes) @ 0x00000184ee52b304 [0x00000184ee52ad80+0x0000000000000584]
J 764 c1 jdk.internal.loader.BuiltinClassLoader.findClassOnClassPathOrNull(Ljava/lang/String;)Ljava/lang/Class; java.base@25.0.3 (38 bytes) @ 0x00000184ee52a964 [0x00000184ee52a700+0x0000000000000264]
J 388 c1 jdk.internal.loader.BuiltinClassLoader.loadClassOrNull(Ljava/lang/String;Z)Ljava/lang/Class; java.base@25.0.3 (143 bytes) @ 0x00000184ee4b461c [0x00000184ee4b4200+0x000000000000041c]
J 566 c1 jdk.internal.loader.BuiltinClassLoader.loadClass(Ljava/lang/String;Z)Ljava/lang/Class; java.base@25.0.3 (22 bytes) @ 0x00000184ee4edc5c [0x00000184ee4edc00+0x000000000000005c]
J 565 c1 java.lang.ClassLoader.loadClass(Ljava/lang/String;)Ljava/lang/Class; java.base@25.0.3 (7 bytes) @ 0x00000184ee4ed954 [0x00000184ee4ed900+0x0000000000000054]
v  ~StubRoutines::call_stub 0x00000184ee3412ed
J 522  java.lang.ClassLoader.defineClass1(Ljava/lang/ClassLoader;Ljava/lang/String;[BIILjava/security/ProtectionDomain;Ljava/lang/String;)Ljava/lang/Class; java.base@25.0.3 (0 bytes) @ 0x00000184ee4e0d41 [0x00000184ee4e0c80+0x00000000000000c1]
J 937 c1 java.lang.ClassLoader.defineClass(Ljava/lang/String;[BIILjava/security/ProtectionDomain;)Ljava/lang/Class; java.base@25.0.3 (43 bytes) @ 0x00000184ee557f1c [0x00000184ee557e00+0x000000000000011c]
J 765 c1 jdk.internal.loader.BuiltinClassLoader.defineClass(Ljava/lang/String;Ljdk/internal/loader/Resource;)Ljava/lang/Class; java.base@25.0.3 (121 bytes) @ 0x00000184ee52b304 [0x00000184ee52ad80+0x0000000000000584]
J 764 c1 jdk.internal.loader.BuiltinClassLoader.findClassOnClassPathOrNull(Ljava/lang/String;)Ljava/lang/Class; java.base@25.0.3 (38 bytes) @ 0x00000184ee52a964 [0x00000184ee52a700+0x0000000000000264]
J 388 c1 jdk.internal.loader.BuiltinClassLoader.loadClassOrNull(Ljava/lang/String;Z)Ljava/lang/Class; java.base@25.0.3 (143 bytes) @ 0x00000184ee4b461c [0x00000184ee4b4200+0x000000000000041c]
J 566 c1 jdk.internal.loader.BuiltinClassLoader.loadClass(Ljava/lang/String;Z)Ljava/lang/Class; java.base@25.0.3 (22 bytes) @ 0x00000184ee4edc5c [0x00000184ee4edc00+0x000000000000005c]
J 565 c1 java.lang.ClassLoader.loadClass(Ljava/lang/String;)Ljava/lang/Class; java.base@25.0.3 (7 bytes) @ 0x00000184ee4ed954 [0x00000184ee4ed900+0x0000000000000054]
v  ~StubRoutines::call_stub 0x00000184ee3412ed
j  org.hibernate.boot.model.source.internal.hbm.HbmMetadataSourceProcessorImpl.<init>(Ljava/util/Collection;Lorg/hibernate/boot/spi/MetadataBuildingContext;)V+128
j  org.hibernate.boot.model.source.internal.hbm.HbmMetadataSourceProcessorImpl.<init>(Lorg/hibernate/boot/model/process/spi/ManagedResources;Lorg/hibernate/boot/spi/MetadataBuildingContext;)V+8
j  org.hibernate.boot.model.process.spi.MetadataBuildingProcess$1.<init>(Lorg/hibernate/boot/spi/MetadataBuildingOptions;Lorg/hibernate/boot/model/process/spi/ManagedResources;Lorg/hibernate/boot/internal/MetadataBuildingContextRootImpl;Lorg/jboss/jandex/IndexView;)V+50
j  org.hibernate.boot.model.process.spi.MetadataBuildingProcess.complete(Lorg/hibernate/boot/model/process/spi/ManagedResources;Lorg/hibernate/boot/spi/BootstrapContext;Lorg/hibernate/boot/spi/MetadataBuildingOptions;)Lorg/hibernate/boot/spi/MetadataImplementor;+99
j  org.hibernate.jpa.boot.internal.EntityManagerFactoryBuilderImpl.metadata()Lorg/hibernate/boot/spi/MetadataImplementor;+30
j  org.hibernate.jpa.boot.internal.EntityManagerFactoryBuilderImpl.build()Ljakarta/persistence/EntityManagerFactory;+3
j  org.springframework.orm.jpa.vendor.SpringHibernateJpaPersistenceProvider.createContainerEntityManagerFactory(Ljakarta/persistence/spi/PersistenceUnitInfo;Ljava/util/Map;)Ljakarta/persistence/EntityManagerFactory;+59
j  org.springframework.orm.jpa.LocalContainerEntityManagerFactoryBean.createNativeEntityManagerFactory()Ljakarta/persistence/EntityManagerFactory;+111
j  org.springframework.orm.jpa.AbstractEntityManagerFactoryBean.buildNativeEntityManagerFactory()Ljakarta/persistence/EntityManagerFactory;+1
j  org.springframework.orm.jpa.AbstractEntityManagerFactoryBean.afterPropertiesSet()V+192
j  org.springframework.orm.jpa.LocalContainerEntityManagerFactoryBean.afterPropertiesSet()V+84
j  org.springframework.beans.factory.support.AbstractAutowireCapableBeanFactory.invokeInitMethods(Ljava/lang/String;Ljava/lang/Object;Lorg/springframework/beans/factory/support/RootBeanDefinition;)V+56
j  org.springframework.beans.factory.support.AbstractAutowireCapableBeanFactory.initializeBean(Ljava/lang/String;Ljava/lang/Object;Lorg/springframework/beans/factory/support/RootBeanDefinition;)Ljava/lang/Object;+34
j  org.springframework.beans.factory.support.AbstractAutowireCapableBeanFactory.doCreateBean(Ljava/lang/String;Lorg/springframework/beans/factory/support/RootBeanDefinition;[Ljava/lang/Object;)Ljava/lang/Object;+228
j  org.springframework.beans.factory.support.AbstractAutowireCapableBeanFactory.createBean(Ljava/lang/String;Lorg/springframework/beans/factory/support/RootBeanDefinition;[Ljava/lang/Object;)Ljava/lang/Object;+153
j  org.springframework.beans.factory.support.AbstractBeanFactory.lambda$doGetBean$0(Ljava/lang/String;Lorg/springframework/beans/factory/support/RootBeanDefinition;[Ljava/lang/Object;)Ljava/lang/Object;+4
j  org.springframework.beans.factory.support.AbstractBeanFactory$$Lambda+0x00000000261e4d10.getObject()Ljava/lang/Object;+16
j  org.springframework.beans.factory.support.DefaultSingletonBeanRegistry.getSingleton(Ljava/lang/String;Lorg/springframework/beans/factory/ObjectFactory;)Ljava/lang/Object;+114
J 3048 c1 org.springframework.beans.factory.support.AbstractBeanFactory.doGetBean(Ljava/lang/String;Ljava/lang/Class;[Ljava/lang/Object;Z)Ljava/lang/Object; (740 bytes) @ 0x00000184ee8d2854 [0x00000184ee8d2180+0x00000000000006d4]
j  org.springframework.beans.factory.support.AbstractBeanFactory.getBean(Ljava/lang/String;)Ljava/lang/Object;+5
j  org.springframework.context.support.AbstractApplicationContext.getBean(Ljava/lang/String;)Ljava/lang/Object;+9
j  org.springframework.context.support.AbstractApplicationContext.finishBeanFactoryInitialization(Lorg/springframework/beans/factory/config/ConfigurableListableBeanFactory;)V+106
j  org.springframework.context.support.AbstractApplicationContext.refresh()V+94
j  org.springframework.boot.web.servlet.context.ServletWebServerApplicationContext.refresh()V+1
j  org.springframework.boot.SpringApplication.refresh(Lorg/springframework/context/ConfigurableApplicationContext;)V+1
j  org.springframework.boot.SpringApplication.refreshContext(Lorg/springframework/context/ConfigurableApplicationContext;)V+16
j  org.springframework.boot.SpringApplication.run([Ljava/lang/String;)Lorg/springframework/context/ConfigurableApplicationContext;+110
j  org.springframework.boot.SpringApplication.run([Ljava/lang/Class;[Ljava/lang/String;)Lorg/springframework/context/ConfigurableApplicationContext;+9
j  org.springframework.boot.SpringApplication.run(Ljava/lang/Class;[Ljava/lang/String;)Lorg/springframework/context/ConfigurableApplicationContext;+9
j  com.company.chatplatform.notificationservice.NotificationApplication.main([Ljava/lang/String;)V+3
v  ~StubRoutines::call_stub 0x00000184ee3412ed
Lock stack of current Java thread (top to bottom):
LockStack[2]: java.lang.Object 
{0x00000000cd726be0} - klass: 'java/lang/Object' - flags: 

 - ---- fields (total size 2 words):
LockStack[1]: java.lang.Object 
{0x00000000cd724bf8} - klass: 'java/lang/Object' - flags: 

 - ---- fields (total size 2 words):
LockStack[0]: [I 
{0x00000000cd8c5618} - klass: {type array int} - flags: is_cloneable_fast 

 - length: 0


Compiled method (n/a) 9038  522     n 0       java.lang.ClassLoader::defineClass1 (native)
 total in heap  [0x00000184ee4e0b88,0x00000184ee4e0fa8] = 1056
 main code      [0x00000184ee4e0c80,0x00000184ee4e0fa8] = 808
 mutable data [0x00000184f56cc9e0,0x00000184f56cca00] = 32
 relocation     [0x00000184f56cc9e0,0x00000184f56cca00] = 32

[Constant Pool (empty)]

[MachCode]
[Entry Point]
  # {method} {0x00000000254a35a8} 'defineClass1' '(Ljava/lang/ClassLoader;Ljava/lang/String;[BIILjava/security/ProtectionDomain;Ljava/lang/String;)Ljava/lang/Class;' in 'java/lang/ClassLoader'
  # parm0:    rdx:rdx   = 'java/lang/ClassLoader'
  # parm1:    r8:r8     = 'java/lang/String'
  # parm2:    r9:r9     = '[B'
  # parm3:    rdi       = int
  # parm4:    rsi       = int
  # parm5:    rcx:rcx   = 'java/security/ProtectionDomain'
  # parm6:    [sp+0xa0]   = 'java/lang/String'  (sp of caller)
  0x00000184ee4e0c80: 6690 448b | 5208 443b 

  0x00000184ee4e0c88: ;   {runtime_call Shared Runtime ic_miss_blob}
  0x00000184ee4e0c88: 5008 0f85 | 50de eaff 
[Verified Entry Point]
  0x00000184ee4e0c90: 8984 2400 | 80ff ff55 | 488b ec48 | 81ec 9000 | 0000 6690 | 4181 7f20 | 0500 0000 

  0x00000184ee4e0cac: ;   {runtime_call Stub::method_entry_barrier}
  0x00000184ee4e0cac: 7405 e84d | 35e9 ff48 | 837d 1000 | 488d 4510 | 480f 4445 | 1048 8944 | 2440 4889 | 4c24 7048 
  0x00000184ee4e0ccc: 83f9 0048 | 8d44 2470 | 480f 4444 | 2470 4889 | 4424 3848 | 8974 2430 | 4889 7c24 | 284c 894c 
  0x00000184ee4e0cec: 2458 4983 | f900 488d | 4424 5848 | 0f44 4424 | 5848 8944 | 2420 4c89 | 4424 5049 | 83f8 004c 
  0x00000184ee4e0d0c: 8d4c 2450 | 4c0f 444c | 2450 4889 | 5424 4848 | 83fa 004c | 8d44 2448 | 4c0f 4444 

  0x00000184ee4e0d28: ;   {oop(a 'java/lang/Class'{0x00000000ffe7fdb0} = 'java/lang/ClassLoader')}
  0x00000184ee4e0d28: 2448 49be | b0fd e7ff | 0000 0000 | 4c89 7424 | 784c 8d74 | 2478 498b | d6c5 f877 

  0x00000184ee4e0d44: ;   {internal_word}
  0x00000184ee4e0d44: 49ba 410d | 4eee 8401 | 0000 4d89 | 9730 0400 | 0049 89a7 | 2804 0000 | 498d 8f48 | 0400 0041 
  0x00000184ee4e0d64: c787 d404 | 0000 0400 

  0x00000184ee4e0d6c: ;   {runtime_call}
  0x00000184ee4e0d6c: 0000 48b8 | a816 2722 | ff7f 0000 | ffd0 c5f8 | 7741 c787 | d404 0000 | 0500 0000 | f083 4424 
  0x00000184ee4e0d8c: c000 493b | 6f28 0f87 | 0e00 0000 | 4183 bfd0 | 0400 0000 | 0f84 2b00 | 0000 c5f8 | 7748 8945 
  0x00000184ee4e0dac: f849 8bcf | 4c8b e448 | 83ec 2048 

  0x00000184ee4e0db8: ;   {runtime_call}
  0x00000184ee4e0db8: 83e4 f048 | b8e0 59eb | f5fe 7f00 | 00ff d049 | 8be4 4d33 | e448 8b45 | f841 c787 | d404 0000 
  0x00000184ee4e0dd8: 0800 0000 | 4183 bf50 | 0500 0002 | 0f84 9101 | 0000 49c7 | 8728 0400 | 0000 0000 | 0049 c787 
  0x00000184ee4e0df8: 3004 0000 | 0000 0000 | c5f8 7748 | 85c0 0f84 | 2f01 0000 | a803 0f85 | 0800 0000 | 488b 00e9 
  0x00000184ee4e0e18: 1f01 0000 | a801 0f85 | 0900 0000 | 488b 40fe | e90e 0100 | 0048 8b40 | ff41 807f | 4800 0f84 
  0x00000184ee4e0e38: ff00 0000 | 4883 f800 | 0f84 f500 | 0000 498b | 4f38 4885 | c90f 8414 | 0000 0048 | 83e9 0849 
  0x00000184ee4e0e58: 894f 3849 | 034f 4048 | 8901 e9d4 | 0000 0048 | 83ec 7048 | 8904 2448 | 894c 2408 | 4889 5424 
  0x00000184ee4e0e78: 104c 8944 | 2418 4c89 | 4c24 204c | 8954 2428 | 4c89 5c24 | 30c5 fb11 | 4424 40c5 | fb11 4c24 
  0x00000184ee4e0e98: 48c5 fb11 | 5424 50c5 | fb11 5c24 | 58c5 fb11 | 6424 60c5 | fb11 6c24 | 6849 8bd7 | 488b c848 
  0x00000184ee4e0eb8: ;   {other}
  0x00000184ee4e0eb8: 83ec 2040 | f6c4 0f0f | 8419 0000 | 0048 83ec 

  0x00000184ee4e0ec8: ;   {runtime_call}
  0x00000184ee4e0ec8: 0848 b8a0 | 03de f5fe | 7f00 00ff | d048 83c4 | 08e9 0c00 

  0x00000184ee4e0edc: ;   {runtime_call}
  0x00000184ee4e0edc: 0000 48b8 | a003 def5 | fe7f 0000 | ffd0 4883 | c420 c5fb | 106c 2468 | c5fb 1064 | 2460 c5fb 
  0x00000184ee4e0efc: 105c 2458 | c5fb 1054 | 2450 c5fb | 104c 2448 | c5fb 1044 | 2440 4c8b | 5c24 304c | 8b54 2428 
  0x00000184ee4e0f1c: 4c8b 4c24 | 204c 8b44 | 2418 488b | 5424 1048 | 8b4c 2408 | 488b 0424 | 4883 c470 | c5f8 7749 
  0x00000184ee4e0f3c: 8b8f b804 | 0000 c781 | 0001 0000 | 0000 0000 

  0x00000184ee4e0f4c: ;   {poll_return}
  0x00000184ee4e0f4c: c941 f647 | 2801 7416 

  0x00000184ee4e0f54: ;   {internal_word}
  0x00000184ee4e0f54: 49ba 4d0f | 4eee 8401 | 0000 4d89 | 97e0 0400 

  0x00000184ee4e0f64: ;   {runtime_call SafepointBlob}
  0x00000184ee4e0f64: 00e9 f6ff | eaff 4983 | 7f08 000f | 8501 0000 

  0x00000184ee4e0f74: ;   {runtime_call Stub::forward_exception}
  0x00000184ee4e0f74: 00c3 e965 | 02e6 ffc5 | f877 4889 | 45f8 4c8b | e448 83ec | 2048 83e4 

  0x00000184ee4e0f8c: ;   {runtime_call}
  0x00000184ee4e0f8c: f048 b8f0 | d224 f6fe | 7f00 00ff | d049 8be4 | 4d33 e448 | 8b45 f8e9 | 42fe ffff 
[/MachCode]


Compiled method (c1) 9043  937       1       java.lang.ClassLoader::defineClass (43 bytes)
 total in heap  [0x00000184ee557d08,0x00000184ee558038] = 816
 main code      [0x00000184ee557e00,0x00000184ee557fc0] = 448
 stub code      [0x00000184ee557fc0,0x00000184ee558038] = 120
 mutable data [0x00000184f5d21d80,0x00000184f5d21e28] = 168
 relocation     [0x00000184f5d21d80,0x00000184f5d21de8] = 104
 metadata       [0x00000184f5d21de8,0x00000184f5d21e28] = 64
 immutable data [0x00000184f5d47e90,0x00000184f5d48028] = 408
 dependencies   [0x00000184f5d47e90,0x00000184f5d47ea8] = 24
 nul chk table  [0x00000184f5d47ea8,0x00000184f5d47ed0] = 40
 scopes pcs     [0x00000184f5d47ed0,0x00000184f5d47f70] = 160
 scopes data    [0x00000184f5d47f70,0x00000184f5d48028] = 184

[Constant Pool (empty)]

[MachCode]
[Instructions begin]
  0x00000184ee557e00: 660f 1f84 | 0000 0000 | 0066 0f1f | 8400 0000 | 0000 448b | 5208 443b 

  0x00000184ee557e18: ;   {runtime_call Shared Runtime ic_miss_blob}
  0x00000184ee557e18: 5008 0f85 | c06c e3ff 
[Verified Entry Point]
  0x00000184ee557e20: 8984 2400 | 80ff ff55 | 4881 ecb0 | 0000 0090 | 4181 7f20 | 0500 0000 

  0x00000184ee557e38: ;   {runtime_call Stub::method_entry_barrier}
  0x00000184ee557e38: 7405 e8c1 | c3e1 ff48 | 8954 2478 | 89b4 2494 | 0000 0089 | bc24 9000 | 0000 4c89 | 8c24 8800 
  0x00000184ee557e58: 0000 498b | d84c 8bc3 | 4c8b c948 | 8bca 488b | d148 899c | 2480 0000 | 0066 0f1f 

  0x00000184ee557e74: ;   {optimized virtual_call}
  0x00000184ee557e74: 4400 00e8 

  0x00000184ee557e78: ; ImmutableOopMap {[120]=Oop [128]=Oop [136]=Oop }
                      ;*invokevirtual preDefineClass {reexecute=0 rethrow=0 return_oop=0}
                      ; - java.lang.ClassLoader::defineClass@4 (line 960)
  0x00000184ee557e78: 2403 0000 

  0x00000184ee557e7c: ;   {post_call_nop}
  0x00000184ee557e7c: 0f1f 8400 | 7401 0000 | 4889 8424 | 9800 0000 

  0x00000184ee557e8c: ; implicit exception: dispatches to 0x00000184ee557f67
  0x00000184ee557e8c: 448b 4010 | 4d85 c00f | 850f 0000 

  0x00000184ee557e98: ;   {oop(nullptr)}
  0x00000184ee557e98: 0048 bb00 | 0000 0000 | 0000 00e9 | 3f00 0000 

  0x00000184ee557ea8: ; implicit exception: dispatches to 0x00000184ee557f6c
  0x00000184ee557ea8: 458b 400c | 4d85 c00f | 850f 0000 

  0x00000184ee557eb4: ;   {oop(nullptr)}
  0x00000184ee557eb4: 0048 bb00 | 0000 0000 | 0000 00e9 | 2300 0000 

  0x00000184ee557ec4: ; implicit exception: dispatches to 0x00000184ee557f71
  0x00000184ee557ec4: 418b 5038 

  0x00000184ee557ec8: ; implicit exception: dispatches to 0x00000184ee557f76
  0x00000184ee557ec8: 483b 020f 

  0x00000184ee557ecc: ;   {optimized virtual_call}
  0x00000184ee557ecc: 1f40 00e8 

  0x00000184ee557ed0: ; ImmutableOopMap {[120]=Oop [128]=Oop [136]=Oop [152]=Oop }
                      ;*invokevirtual toExternalForm {reexecute=0 rethrow=0 return_oop=0}
                      ; - java.net.URL::toExternalForm@5 (line 1153)
                      ; - java.net.URL::toString@1 (line 1139)
                      ; - java.lang.ClassLoader::defineClassSourceLocation@22 (line 864)
                      ; - java.lang.ClassLoader::defineClass@12 (line 961)
  0x00000184ee557ed0: 4c47 f9ff 

  0x00000184ee557ed4: ;   {post_call_nop}
  0x00000184ee557ed4: 0f1f 8400 | cc01 0001 | 488b d848 | 8b84 2498 | 0000 008b | b424 9400 | 0000 8bbc | 2490 0000 
  0x00000184ee557ef4: 004c 8b8c | 2488 0000 | 004c 8b84 | 2480 0000 | 0048 8b54 | 2478 4c8b | da49 8bd3 | 488b c848 
  0x00000184ee557f14: ;   {static_call}
  0x00000184ee557f14: 891c 24e8 

  0x00000184ee557f18: ; ImmutableOopMap {[120]=Oop [152]=Oop }
                      ;*invokestatic defineClass1 {reexecute=0 rethrow=0 return_oop=0}
                      ; - java.lang.ClassLoader::defineClass@27 (line 962)
  0x00000184ee557f18: 748d f8ff 

  0x00000184ee557f1c: ;   {post_call_nop}
  0x00000184ee557f1c: 0f1f 8400 | 1402 0002 | 4c8b c04c | 8b8c 2498 | 0000 0048 | 8b54 2478 | 4889 8424 | a000 0000 
  0x00000184ee557f3c: ;   {optimized virtual_call}
  0x00000184ee557f3c: 6666 90e8 

  0x00000184ee557f40: ; ImmutableOopMap {[160]=Oop }
                      ;*invokevirtual postDefineClass {reexecute=0 rethrow=0 return_oop=0}
                      ; - java.lang.ClassLoader::defineClass@37 (line 963)
  0x00000184ee557f40: 5c14 0000 

  0x00000184ee557f44: ;   {post_call_nop}
  0x00000184ee557f44: 0f1f 8400 | 3c02 0003 | 488b 8424 | a000 0000 | 4881 c4b0 | 0000 005d 

  0x00000184ee557f5c: ;   {poll_return}
  0x00000184ee557f5c: 493b 6728 | 0f87 1500 

  0x00000184ee557f64: ;   {runtime_call C1 Runtime throw_null_pointer_exception_blob}
  0x00000184ee557f64: 0000 c3e8 

  0x00000184ee557f68: ; ImmutableOopMap {rax=Oop [120]=Oop [128]=Oop [136]=Oop [152]=Oop }
                      ;*invokevirtual getCodeSource {reexecute=0 rethrow=0 return_oop=0}
                      ; - java.lang.ClassLoader::defineClassSourceLocation@1 (line 861)
                      ; - java.lang.ClassLoader::defineClass@12 (line 961)
  0x00000184ee557f68: 7436 eeff 

  0x00000184ee557f6c: ;   {runtime_call C1 Runtime throw_null_pointer_exception_blob}
  0x00000184ee557f6c: e86f 36ee 

  0x00000184ee557f70: ; ImmutableOopMap {rax=Oop [120]=Oop [128]=Oop [136]=Oop [152]=Oop }
                      ;*invokevirtual getLocation {reexecute=0 rethrow=0 return_oop=0}
                      ; - java.lang.ClassLoader::defineClassSourceLocation@12 (line 863)
                      ; - java.lang.ClassLoader::defineClass@12 (line 961)
                      ;   {runtime_call C1 Runtime throw_null_pointer_exception_blob}
  0x00000184ee557f70: ffe8 6a36 

  0x00000184ee557f74: ; ImmutableOopMap {r8=Oop [120]=Oop [128]=Oop [136]=Oop [152]=Oop }
                      ;*invokevirtual toString {reexecute=0 rethrow=0 return_oop=0}
                      ; - java.lang.ClassLoader::defineClassSourceLocation@22 (line 864)
                      ; - java.lang.ClassLoader::defineClass@12 (line 961)
                      ;   {runtime_call C1 Runtime throw_null_pointer_exception_blob}
  0x00000184ee557f74: eeff e865 

  0x00000184ee557f78: ; ImmutableOopMap {r8=Oop rdx=Oop [120]=Oop [128]=Oop [136]=Oop [152]=Oop }
                      ;*invokevirtual toExternalForm {reexecute=0 rethrow=0 return_oop=0}
                      ; - java.net.URL::toExternalForm@5 (line 1153)
                      ; - java.net.URL::toString@1 (line 1139)
                      ; - java.lang.ClassLoader::defineClassSourceLocation@22 (line 864)
                      ; - java.lang.ClassLoader::defineClass@12 (line 961)
                      ;   {internal_word}
  0x00000184ee557f78: 36ee ff49 | ba5c 7f55 | ee84 0100 | 004d 8997 | e004 0000 

  0x00000184ee557f8c: ;   {runtime_call SafepointBlob}
  0x00000184ee557f8c: e9cf 8fe3 | ff49 8b87 | 8805 0000 | 49c7 8788 | 0500 0000 | 0000 0049 | c787 9005 | 0000 0000 
  0x00000184ee557fac: 0000 4881 | c4b0 0000 

  0x00000184ee557fb4: ;   {runtime_call C1 Runtime unwind_exception_blob}
  0x00000184ee557fb4: 005d e9a5 | 22ee fff4 | f4f4 f4f4 
[Stub Code]
  0x00000184ee557fc0: ;   {other}
  0x00000184ee557fc0: 0f1f 4400 

  0x00000184ee557fc4: ;   {static_stub}
  0x00000184ee557fc4: 0048 bb00 | 0000 0000 

  0x00000184ee557fcc: ;   {runtime_call nmethod}
  0x00000184ee557fcc: 0000 00e9 | fbff ffff 

  0x00000184ee557fd4: ;   {static_stub}
  0x00000184ee557fd4: 48bb 0000 | 0000 0000 

  0x00000184ee557fdc: ;   {runtime_call nmethod}
  0x00000184ee557fdc: 0000 e9fb 

  0x00000184ee557fe0: ;   {static_stub}
  0x00000184ee557fe0: ffff ff48 | bb00 0000 | 0000 0000 

  0x00000184ee557fec: ;   {runtime_call nmethod}
  0x00000184ee557fec: 00e9 fbff 

  0x00000184ee557ff0: ;   {static_stub}
  0x00000184ee557ff0: ffff 48bb | 4835 4a25 | 0000 0000 

  0x00000184ee557ffc: ;   {runtime_call I2C/C2I adapters}
  0x00000184ee557ffc: e939 53e3 

  0x00000184ee558000: ;   {runtime_call C1 Runtime handle_exception_from_callee_blob}
  0x00000184ee558000: ffe8 da57 

  0x00000184ee558004: ;   {external_word}
  0x00000184ee558004: eeff 48b9 | c0b0 56f6 | fe7f 0000 | 4883 e4f0 

  0x00000184ee558014: ;   {runtime_call}
  0x00000184ee558014: 48b8 6048 | 11f6 fe7f | 0000 ffd0 

  0x00000184ee558020: ;   {section_word}
  0x00000184ee558020: f449 ba21 | 8055 ee84 | 0100 0041 

  0x00000184ee55802c: ;   {runtime_call DeoptimizationBlob}
  0x00000184ee55802c: 52e9 2e92 | e3ff f4f4 | f4f4 f4f4 
[/MachCode]


Compiled method (c1) 9047  765       1       jdk.internal.loader.BuiltinClassLoader::defineClass (121 bytes)
 total in heap  [0x00000184ee52ac88,0x00000184ee52b5c0] = 2360
 main code      [0x00000184ee52ad80,0x00000184ee52b4a0] = 1824
 stub code      [0x00000184ee52b4a0,0x00000184ee52b5c0] = 288
 mutable data [0x00000184f59a2810,0x00000184f59a29b0] = 416
 relocation     [0x00000184f59a2810,0x00000184f59a2958] = 328
 metadata       [0x00000184f59a2958,0x00000184f59a29b0] = 88
 immutable data [0x00000184f59a3ce0,0x00000184f59a4130] = 1104
 dependencies   [0x00000184f59a3ce0,0x00000184f59a3d00] = 32
 nul chk table  [0x00000184f59a3d00,0x00000184f59a3d20] = 32
 handler table  [0x00000184f59a3d20,0x00000184f59a3d38] = 24
 scopes pcs     [0x00000184f59a3d38,0x00000184f59a3ed8] = 416
 scopes data    [0x00000184f59a3ed8,0x00000184f59a4130] = 600

[Constant Pool (empty)]

[MachCode]
[Instructions begin]
  0x00000184ee52ad80: 660f 1f84 | 0000 0000 | 0066 0f1f | 8400 0000 | 0000 448b | 5208 443b 

  0x00000184ee52ad98: ;   {runtime_call Shared Runtime ic_miss_blob}
  0x00000184ee52ad98: 5008 0f85 | 403d e6ff 
[Verified Entry Point]
  0x00000184ee52ada0: 8984 2400 | 80ff ff55 | 4881 ec00 | 0100 0090 | 4181 7f20 | 0500 0000 

  0x00000184ee52adb8: ;   {runtime_call Stub::method_entry_barrier}
  0x00000184ee52adb8: 7405 e841 | 94e4 ff48 | 8994 24a0 | 0000 004c | 8984 2490 | 0000 004c | 898c 2498 | 0000 0049 
  0x00000184ee52add8: 8bd1 6666 | 9048 b810 | 5071 f584 

  0x00000184ee52ade4: ;   {virtual_call}
  0x00000184ee52ade4: 0100 00e8 

  0x00000184ee52ade8: ; ImmutableOopMap {[144]=Oop [152]=Oop [160]=Oop }
                      ;*invokevirtual getCodeSourceURL {reexecute=0 rethrow=0 return_oop=0}
                      ; - jdk.internal.loader.BuiltinClassLoader::defineClass@1 (line 756)
  0x00000184ee52ade8: 244c f4ff 

  0x00000184ee52adec: ;   {post_call_nop}
  0x00000184ee52adec: 0f1f 8400 | 6401 0000 | 4889 8424 | a800 0000 | 4c8b 8424 | 9000 0000 

  0x00000184ee52ae04: ; implicit exception: dispatches to 0x00000184ee52b3a0
  0x00000184ee52ae04: 418b 7014 

  0x00000184ee52ae08: ; implicit exception: dispatches to 0x00000184ee52b3a5
  0x00000184ee52ae08: 8b56 0c45 | 0fbe 4810 | 498b c9c1 | e118 c1f9 | 18d3 fa48 | 8bfa ffcf | 4585 c9ba | 0000 0000 
  0x00000184ee52ae28: 7505 ba01 | 0000 0083 | e201 85d2 | 488b d641 | b82e 0000 | 004c 8bcf | 0f84 1300 

  0x00000184ee52ae44: ;   {static_call}
  0x00000184ee52ae44: 0000 90e8 

  0x00000184ee52ae48: ; ImmutableOopMap {[144]=Oop [152]=Oop [160]=Oop [168]=Oop }
                      ;*invokestatic lastIndexOf {reexecute=0 rethrow=0 return_oop=0}
                      ; - java.lang.String::lastIndexOf@13 (line 2638)
                      ; - java.lang.String::lastIndexOf@8 (line 2600)
                      ; - jdk.internal.loader.BuiltinClassLoader::defineClass@8 (line 759)
  0x00000184ee52ae48: b424 f4ff 

  0x00000184ee52ae4c: ;   {post_call_nop}
  0x00000184ee52ae4c: 0f1f 8400 | c401 0001 | e913 0000 | 0066 0f1f 

  0x00000184ee52ae5c: ;   {static_call}
  0x00000184ee52ae5c: 4400 00e8 

  0x00000184ee52ae60: ; ImmutableOopMap {[144]=Oop [152]=Oop [160]=Oop [168]=Oop }
                      ;*invokestatic lastIndexOf {reexecute=0 rethrow=0 return_oop=0}
                      ; - java.lang.String::lastIndexOf@25 (line 2639)
                      ; - java.lang.String::lastIndexOf@8 (line 2600)
                      ; - jdk.internal.loader.BuiltinClassLoader::defineClass@8 (line 759)
  0x00000184ee52ae60: 7c45 e6ff 

  0x00000184ee52ae64: ;   {post_call_nop}
  0x00000184ee52ae64: 0f1f 8400 | dc01 0002 | 83f8 ff0f | 847f 0000 | 0041 b800 | 0000 004c | 8bc8 488b | 9424 9000 
  0x00000184ee52ae84: ;   {optimized virtual_call}
  0x00000184ee52ae84: 0000 90e8 

  0x00000184ee52ae88: ; ImmutableOopMap {[144]=Oop [152]=Oop [160]=Oop [168]=Oop }
                      ;*invokevirtual substring {reexecute=0 rethrow=0 return_oop=0}
                      ; - jdk.internal.loader.BuiltinClassLoader::defineClass@23 (line 761)
  0x00000184ee52ae88: 14dd f4ff 

  0x00000184ee52ae8c: ;   {post_call_nop}
  0x00000184ee52ae8c: 0f1f 8400 | 0402 0003 | 488b 9424 | 9800 0000 | 4889 8424 | b000 0000 | 9048 b838 | 5071 f584 
  0x00000184ee52aeac: ;   {virtual_call}
  0x00000184ee52aeac: 0100 00e8 

  0x00000184ee52aeb0: ; ImmutableOopMap {[144]=Oop [152]=Oop [160]=Oop [168]=Oop [176]=Oop }
                      ;*invokevirtual getManifest {reexecute=0 rethrow=0 return_oop=0}
                      ; - jdk.internal.loader.BuiltinClassLoader::defineClass@29 (line 762)
  0x00000184ee52aeb0: d4be 0900 

  0x00000184ee52aeb4: ;   {post_call_nop}
  0x00000184ee52aeb4: 0f1f 8400 | 2c02 0004 | 4c8b 8424 | b000 0000 | 4c8b c848 | 8bbc 24a8 | 0000 0048 | 8b94 24a0 
  0x00000184ee52aed4: 0000 0066 | 0f1f 4400 | 0048 b860 | 5071 f584 

  0x00000184ee52aee4: ;   {virtual_call}
  0x00000184ee52aee4: 0100 00e8 

  0x00000184ee52aee8: ; ImmutableOopMap {[144]=Oop [152]=Oop [160]=Oop [168]=Oop }
                      ;*invokevirtual defineOrCheckPackage {reexecute=0 rethrow=0 return_oop=0}
                      ; - jdk.internal.loader.BuiltinClassLoader::defineClass@40 (line 763)
  0x00000184ee52aee8: a613 0000 

  0x00000184ee52aeec: ;   {post_call_nop}
  0x00000184ee52aeec: 0f1f 8400 | 6402 0005 | 4c8b 8c24 | 9800 0000 | 488d 9424 | e000 0000 | 4c89 4a08 | 498b 0141 
  0x00000184ee52af0c: 8bb7 d806 | 0000 81fe | 2807 0000 | 0f8d 8c04 | 0000 4d3b | 4c37 f80f | 8425 0000 | 00a8 020f 
  0x00000184ee52af2c: 8579 0400 | 0048 8bf0 | 4883 e6fe | 4883 c801 | f049 0fb1 | 310f 8563 | 0400 0041 | 8bb7 d806 
  0x00000184ee52af4c: 0000 4d89 | 0c37 83c6 | 0841 89b7 | d806 0000 | 418b 510c | 4885 d20f | 854b 0000 | 0049 8bd1 
  0x00000184ee52af6c: 9048 b888 | 5071 f584 

  0x00000184ee52af74: ;   {virtual_call}
  0x00000184ee52af74: 0100 00e8 

  0x00000184ee52af78: ; ImmutableOopMap {[144]=Oop [152]=Oop [160]=Oop [168]=Oop [232]=Oop }
                      ;*invokevirtual getInputStream {reexecute=0 rethrow=0 return_oop=0}
                      ; - jdk.internal.loader.Resource::cachedInputStream@9 (line 76)
                      ; - jdk.internal.loader.Resource::getByteBuffer@1 (line 133)
                      ; - jdk.internal.loader.BuiltinClassLoader::defineClass@45 (line 767)
  0x00000184ee52af78: 9446 f4ff 

  0x00000184ee52af7c: ;   {post_call_nop}
  0x00000184ee52af7c: 0f1f 8400 | f402 0006 | 410f be57 | 4885 d24c | 8b8c 2498 | 0000 000f | 8524 0400 | 004c 8bd0 
  0x00000184ee52af9c: 4589 510c | 498b d148 | 33d0 48c1 | ea14 4883 | fa00 0f85 | 2504 0000 | 418b 510c | 488d 8424 
  0x00000184ee52afbc: e000 0000 | 488b 7808 | 418b b7d8 | 0600 0049 | 3b7c 37f8 | 0f85 1b04 | 0000 4183 | afd8 0600 
  0x00000184ee52afdc: 0008 493b | 7c37 f00f | 842a 0000 | 0048 8b07 | a802 0f85 | 1200 0000 | 488b f048 | 83ce 01f0 
  0x00000184ee52affc: 480f b137 | 0f84 0d00 | 0000 4183 | 87d8 0600 | 0008 e9de | 0300 0048 | 85d2 0f84 | 3f00 0000 
  0x00000184ee52b01c: ;   {metadata('sun/nio/ByteBuffered')}
  0x00000184ee52b01c: 48b8 405d | 4225 0000 | 0000 8b5a | 0841 ba00 | 0000 2549 | 03da 483b | 4320 0f84 | 2400 0000 
  0x00000184ee52b03c: 483b d80f | 841b 0000 

  0x00000184ee52b044: ;   {runtime_call C1 Runtime slow_subtype_check_blob}
  0x00000184ee52b044: 0053 50e8 | 9433 f1ff | 5b5b 85db | 0f84 0500 | 0000 e905 | 0000 0048 | 33f6 eb05 | be01 0000 
  0x00000184ee52b064: 0085 f60f | 8464 0000 | 0048 85d2 | 0f84 3f00 

  0x00000184ee52b074: ;   {metadata('sun/nio/ByteBuffered')}
  0x00000184ee52b074: 0000 48bb | 405d 4225 | 0000 0000 | 8b7a 0841 | ba00 0000 | 2549 03fa | 483b 5f20 | 0f84 1f00 
  0x00000184ee52b094: 0000 483b | fb0f 8416 | 0000 0057 

  0x00000184ee52b0a0: ;   {runtime_call C1 Runtime slow_subtype_check_blob}
  0x00000184ee52b0a0: 53e8 3a33 | f1ff 5f5f | 85ff 0f84 | 5703 0000 | e900 0000 | 0048 b8b0 | 5071 f584 

  0x00000184ee52b0bc: ;   {virtual_call}
  0x00000184ee52b0bc: 0100 00e8 

  0x00000184ee52b0c0: ; ImmutableOopMap {[144]=Oop [152]=Oop [160]=Oop [168]=Oop }
                      ;*invokeinterface getByteBuffer {reexecute=0 rethrow=0 return_oop=0}
                      ; - jdk.internal.loader.Resource::getByteBuffer@16 (line 135)
                      ; - jdk.internal.loader.BuiltinClassLoader::defineClass@45 (line 767)
  0x00000184ee52b0c0: 1c40 e6ff 

  0x00000184ee52b0c4: ;   {post_call_nop}
  0x00000184ee52b0c4: 0f1f 8400 | 3c04 0007 | e90a 0000 

  0x00000184ee52b0d0: ;   {oop(nullptr)}
  0x00000184ee52b0d0: 0048 b800 | 0000 0000 | 0000 0048 | 85c0 0f84 | fb00 0000 | 4889 8424 | b800 0000 | 488b 9424 
  0x00000184ee52b0f0: 9800 0000 | 9048 b8d8 | 5071 f584 

  0x00000184ee52b0fc: ;   {virtual_call}
  0x00000184ee52b0fc: 0100 00e8 

  0x00000184ee52b100: ; ImmutableOopMap {[144]=Oop [160]=Oop [168]=Oop [184]=Oop }
                      ;*invokevirtual getCodeSigners {reexecute=0 rethrow=0 return_oop=0}
                      ; - jdk.internal.loader.BuiltinClassLoader::defineClass@56 (line 769)
  0x00000184ee52b100: dc3f e6ff 

  0x00000184ee52b104: ;   {post_call_nop}
  0x00000184ee52b104: 0f1f 8400 | 7c04 0008 

  0x00000184ee52b10c: ;   {metadata('java/security/CodeSource')}
  0x00000184ee52b10c: 4c8b c848 | bab8 961c | 2500 0000 | 0049 8b87 | c801 0000 | 488d 7828 | 493b bfd8 | 0100 000f 
  0x00000184ee52b12c: 87df 0200 | 0049 89bf | c801 0000 | 48c7 0001 | 0000 0048 | 8bca 41ba | 0000 0025 | 492b ca89 
  0x00000184ee52b14c: 4808 4833 | c989 480c | 4833 c948 | 8948 1048 | 8948 1848 | 8948 204c | 8b84 24a8 | 0000 0048 
  0x00000184ee52b16c: 8bd0 4889 | 8424 c000 

  0x00000184ee52b174: ;   {optimized virtual_call}
  0x00000184ee52b174: 0000 90e8 

  0x00000184ee52b178: ; ImmutableOopMap {[144]=Oop [160]=Oop [184]=Oop [192]=Oop }
                      ;*invokespecial <init> {reexecute=0 rethrow=0 return_oop=0}
                      ; - jdk.internal.loader.BuiltinClassLoader::defineClass@68 (line 770)
  0x00000184ee52b178: 643c e6ff 

  0x00000184ee52b17c: ;   {post_call_nop}
  0x00000184ee52b17c: 0f1f 8400 | f404 0009 | 4c8b 8424 | c000 0000 | 488b 9424 | a000 0000 

  0x00000184ee52b194: ;   {optimized virtual_call}
  0x00000184ee52b194: 6666 90e8 

  0x00000184ee52b198: ; ImmutableOopMap {[144]=Oop [160]=Oop [184]=Oop }
                      ;*invokevirtual getProtectionDomain {reexecute=0 rethrow=0 return_oop=0}
                      ; - java.security.SecureClassLoader::defineClass@5 (line 176)
                      ; - jdk.internal.loader.BuiltinClassLoader::defineClass@79 (line 771)
  0x00000184ee52b198: 443c e6ff 

  0x00000184ee52b19c: ;   {post_call_nop}
  0x00000184ee52b19c: 0f1f 8400 | 1405 000a | 4c8b 8424 | 9000 0000 | 4c8b 8c24 | b800 0000 | 488b f848 | 8b94 24a0 
  0x00000184ee52b1bc: ;   {optimized virtual_call}
  0x00000184ee52b1bc: 0000 00e8 

  0x00000184ee52b1c0: ; ImmutableOopMap {}
                      ;*invokevirtual defineClass {reexecute=0 rethrow=0 return_oop=0}
                      ; - java.security.SecureClassLoader::defineClass@8 (line 176)
                      ; - jdk.internal.loader.BuiltinClassLoader::defineClass@79 (line 771)
  0x00000184ee52b1c0: 1c3c e6ff 

  0x00000184ee52b1c4: ;   {post_call_nop}
  0x00000184ee52b1c4: 0f1f 8400 | 3c05 000b | 4881 c400 | 0100 005d 

  0x00000184ee52b1d4: ;   {poll_return}
  0x00000184ee52b1d4: 493b 6728 | 0f87 3f02 | 0000 c34c | 8b8c 2498 | 0000 0049 | 8bd1 6666 | 9048 b800 | 5171 f584 
  0x00000184ee52b1f4: ;   {virtual_call}
  0x00000184ee52b1f4: 0100 00e8 

  0x00000184ee52b1f8: ; ImmutableOopMap {[144]=Oop [152]=Oop [160]=Oop [168]=Oop }
                      ;*invokevirtual getBytes {reexecute=0 rethrow=0 return_oop=0}
                      ; - jdk.internal.loader.BuiltinClassLoader::defineClass@84 (line 773)
  0x00000184ee52b1f8: c447 f4ff 

  0x00000184ee52b1fc: ;   {post_call_nop}
  0x00000184ee52b1fc: 0f1f 8400 | 7405 000c | 4889 8424 | c800 0000 | 488b 9424 | 9800 0000 | 9048 b828 | 5171 f584 
  0x00000184ee52b21c: ;   {virtual_call}
  0x00000184ee52b21c: 0100 00e8 

  0x00000184ee52b220: ; ImmutableOopMap {[144]=Oop [160]=Oop [168]=Oop [200]=Oop }
                      ;*invokevirtual getCodeSigners {reexecute=0 rethrow=0 return_oop=0}
                      ; - jdk.internal.loader.BuiltinClassLoader::defineClass@90 (line 774)
  0x00000184ee52b220: dcb8 0900 

  0x00000184ee52b224: ;   {post_call_nop}
  0x00000184ee52b224: 0f1f 8400 | 9c05 000d 

  0x00000184ee52b22c: ;   {metadata('java/security/CodeSource')}
  0x00000184ee52b22c: 4c8b c848 | bab8 961c | 2500 0000 | 0049 8b87 | c801 0000 | 488d 7828 | 493b bfd8 | 0100 000f 
  0x00000184ee52b24c: 87e2 0100 | 0049 89bf | c801 0000 | 48c7 0001 | 0000 0048 | 8bca 41ba | 0000 0025 | 492b ca89 
  0x00000184ee52b26c: 4808 4833 | c989 480c | 4833 c948 | 8948 1048 | 8948 1848 | 8948 204c | 8b84 24a8 | 0000 0048 
  0x00000184ee52b28c: 8bd0 4889 | 8424 d000 

  0x00000184ee52b294: ;   {optimized virtual_call}
  0x00000184ee52b294: 0000 90e8 

  0x00000184ee52b298: ; ImmutableOopMap {[144]=Oop [160]=Oop [200]=Oop [208]=Oop }
                      ;*invokespecial <init> {reexecute=0 rethrow=0 return_oop=0}
                      ; - jdk.internal.loader.BuiltinClassLoader::defineClass@102 (line 775)
  0x00000184ee52b298: 04ba 0200 

  0x00000184ee52b29c: ;   {post_call_nop}
  0x00000184ee52b29c: 0f1f 8400 | 1406 000e | 488b 8424 | c800 0000 

  0x00000184ee52b2ac: ; implicit exception: dispatches to 0x00000184ee52b440
  0x00000184ee52b2ac: 8b70 0c4c | 8b84 24d0 | 0000 0048 | 8b94 24a0 | 0000 0089 | b424 d800 

  0x00000184ee52b2c4: ;   {optimized virtual_call}
  0x00000184ee52b2c4: 0000 90e8 

  0x00000184ee52b2c8: ; ImmutableOopMap {[144]=Oop [160]=Oop [200]=Oop }
                      ;*invokevirtual getProtectionDomain {reexecute=0 rethrow=0 return_oop=0}
                      ; - java.security.SecureClassLoader::defineClass@9 (line 144)
                      ; - jdk.internal.loader.BuiltinClassLoader::defineClass@117 (line 776)
  0x00000184ee52b2c8: 54be 0200 

  0x00000184ee52b2cc: ;   {post_call_nop}
  0x00000184ee52b2cc: 0f1f 8400 | 4406 000f | 4c8b 8424 | 9000 0000 | 4c8b 8c24 | c800 0000 | bf00 0000 | 008b b424 
  0x00000184ee52b2ec: d800 0000 | 488b c848 | 8b94 24a0 | 0000 000f 

  0x00000184ee52b2fc: ;   {optimized virtual_call}
  0x00000184ee52b2fc: 1f40 00e8 

  0x00000184ee52b300: ; ImmutableOopMap {}
                      ;*invokevirtual defineClass {reexecute=0 rethrow=0 return_oop=0}
                      ; - java.security.SecureClassLoader::defineClass@12 (line 144)
                      ; - jdk.internal.loader.BuiltinClassLoader::defineClass@117 (line 776)
  0x00000184ee52b300: 1ccb 0200 

  0x00000184ee52b304: ;   {post_call_nop}
  0x00000184ee52b304: 0f1f 8400 | 7c06 0010 | 4881 c400 | 0100 005d 

  0x00000184ee52b314: ;   {poll_return}
  0x00000184ee52b314: 493b 6728 | 0f87 2701 | 0000 c349 | 8b87 8805 | 0000 4d33 | d24d 8997 | 8805 0000 | 4d33 d24d 
  0x00000184ee52b334: 8997 9005 | 0000 488b | f048 8d84 | 24e0 0000 | 0048 8b58 | 0841 8bbf | d806 0000 | 493b 5c3f 
  0x00000184ee52b354: f80f 8500 | 0100 0041 | 83af d806 | 0000 0849 | 3b5c 3ff0 | 0f84 2a00 | 0000 488b | 03a8 020f 
  0x00000184ee52b374: 8512 0000 | 0048 8bf8 | 4883 cf01 | f048 0fb1 | 3b0f 840d | 0000 0041 | 8387 d806 | 0000 08e9 
  0x00000184ee52b394: c300 0000 | 488b c6e9 | ee00 0000 

  0x00000184ee52b3a0: ;   {runtime_call C1 Runtime throw_null_pointer_exception_blob}
  0x00000184ee52b3a0: e83b 02f1 

  0x00000184ee52b3a4: ; ImmutableOopMap {rax=Oop r8=Oop [144]=Oop [152]=Oop [160]=Oop [168]=Oop }
                      ;*invokevirtual lastIndexOf {reexecute=0 rethrow=0 return_oop=0}
                      ; - jdk.internal.loader.BuiltinClassLoader::defineClass@8 (line 759)
                      ;   {runtime_call C1 Runtime throw_null_pointer_exception_blob}
  0x00000184ee52b3a4: ffe8 3602 

  0x00000184ee52b3a8: ; ImmutableOopMap {rax=Oop r8=Oop rsi=Oop [144]=Oop [152]=Oop [160]=Oop [168]=Oop }
                      ;*arraylength {reexecute=0 rethrow=0 return_oop=0}
                      ; - java.lang.String::length@4 (line 1583)
                      ; - java.lang.String::lastIndexOf@3 (line 2600)
                      ; - jdk.internal.loader.BuiltinClassLoader::defineClass@8 (line 759)
  0x00000184ee52b3a8: f1ff 4c89 | 4c24 0848 

  0x00000184ee52b3b0: ;   {runtime_call C1 Runtime monitorenter_nofpu_blob}
  0x00000184ee52b3b0: 8914 24e8 

  0x00000184ee52b3b4: ; ImmutableOopMap {r9=Oop [144]=Oop [152]=Oop [160]=Oop [168]=Oop [232]=Oop }
                      ;*synchronization entry
                      ; - jdk.internal.loader.Resource::cachedInputStream@-1 (line 75)
                      ; - jdk.internal.loader.Resource::getByteBuffer@1 (line 133)
                      ; - jdk.internal.loader.BuiltinClassLoader::defineClass@45 (line 767)
  0x00000184ee52b3b4: 2839 f1ff | e99f fbff | ff41 8b51 | 0c48 83fa | 000f 84ce | fbff ff48 

  0x00000184ee52b3cc: ;   {runtime_call g1_pre_barrier_slow}
  0x00000184ee52b3cc: 8914 24e8 | 0c60 f1ff | e9c0 fbff | ff48 83f8 | 000f 84d1 | fbff ff4c 

  0x00000184ee52b3e4: ;   {runtime_call g1_post_barrier_slow}
  0x00000184ee52b3e4: 890c 24e8 | f462 f1ff | e9c3 fbff | ff48 8d84 | 24e0 0000 | 0048 8904 

  0x00000184ee52b3fc: ;   {runtime_call C1 Runtime monitorexit_nofpu_blob}
  0x00000184ee52b3fc: 24e8 de3e | f1ff e90c | fcff ff48 

  0x00000184ee52b408: ;   {runtime_call C1 Runtime throw_class_cast_exception_blob}
  0x00000184ee52b408: 8914 24e8 

  0x00000184ee52b40c: ; ImmutableOopMap {[144]=Oop [152]=Oop [160]=Oop [168]=Oop }
                      ;*checkcast {reexecute=0 rethrow=0 return_oop=0}
                      ; - jdk.internal.loader.Resource::getByteBuffer@13 (line 135)
                      ; - jdk.internal.loader.BuiltinClassLoader::defineClass@45 (line 767)
  0x00000184ee52b40c: d029 f1ff 

  0x00000184ee52b410: ;   {runtime_call C1 Runtime fast_new_instance_blob}
  0x00000184ee52b410: 488b d2e8 

  0x00000184ee52b414: ; ImmutableOopMap {r9=Oop [144]=Oop [160]=Oop [168]=Oop [184]=Oop }
                      ;*new {reexecute=0 rethrow=0 return_oop=0}
                      ; - jdk.internal.loader.BuiltinClassLoader::defineClass@61 (line 770)
  0x00000184ee52b414: c80e f1ff | e946 fdff 

  0x00000184ee52b41c: ;   {internal_word}
  0x00000184ee52b41c: ff49 bad4 | b152 ee84 | 0100 004d | 8997 e004 

  0x00000184ee52b42c: ;   {runtime_call SafepointBlob}
  0x00000184ee52b42c: 0000 e92d | 5be6 ff48 

  0x00000184ee52b434: ;   {runtime_call C1 Runtime fast_new_instance_blob}
  0x00000184ee52b434: 8bd2 e8a5 

  0x00000184ee52b438: ; ImmutableOopMap {r9=Oop [144]=Oop [160]=Oop [168]=Oop [200]=Oop }
                      ;*new {reexecute=0 rethrow=0 return_oop=0}
                      ; - jdk.internal.loader.BuiltinClassLoader::defineClass@95 (line 775)
  0x00000184ee52b438: 0ef1 ffe9 | 43fe ffff 

  0x00000184ee52b440: ;   {runtime_call C1 Runtime throw_null_pointer_exception_blob}
  0x00000184ee52b440: e89b 01f1 

  0x00000184ee52b444: ; ImmutableOopMap {rax=Oop [144]=Oop [160]=Oop [200]=Oop [208]=Oop }
                      ;*arraylength {reexecute=0 rethrow=0 return_oop=0}
                      ; - jdk.internal.loader.BuiltinClassLoader::defineClass@114 (line 776)
                      ;   {internal_word}
  0x00000184ee52b444: ff49 ba14 | b352 ee84 | 0100 004d | 8997 e004 

  0x00000184ee52b454: ;   {runtime_call SafepointBlob}
  0x00000184ee52b454: 0000 e905 | 5be6 ff48 | 8d84 24e0 | 0000 0048 

  0x00000184ee52b464: ;   {runtime_call C1 Runtime monitorexit_nofpu_blob}
  0x00000184ee52b464: 8904 24e8 | 743e f1ff | e927 ffff | ff49 8b87 | 8805 0000 | 49c7 8788 | 0500 0000 | 0000 0049 
  0x00000184ee52b484: c787 9005 | 0000 0000 | 0000 4881 | c400 0100 

  0x00000184ee52b494: ;   {runtime_call C1 Runtime unwind_exception_blob}
  0x00000184ee52b494: 005d e9c5 | edf0 fff4 | f4f4 f4f4 
[Stub Code]
  0x00000184ee52b4a0: ;   {other}
  0x00000184ee52b4a0: 0f1f 4400 

  0x00000184ee52b4a4: ;   {static_stub}
  0x00000184ee52b4a4: 0048 bb00 | 0000 0000 

  0x00000184ee52b4ac: ;   {runtime_call nmethod}
  0x00000184ee52b4ac: 0000 00e9 | fbff ffff 

  0x00000184ee52b4b4: ;   {static_stub}
  0x00000184ee52b4b4: 9048 bb00 | 0000 0000 

  0x00000184ee52b4bc: ;   {runtime_call nmethod}
  0x00000184ee52b4bc: 0000 00e9 | fbff ffff 

  0x00000184ee52b4c4: ;   {static_stub}
  0x00000184ee52b4c4: 9048 bb00 | 0000 0000 

  0x00000184ee52b4cc: ;   {runtime_call nmethod}
  0x00000184ee52b4cc: 0000 00e9 | fbff ffff 

  0x00000184ee52b4d4: ;   {static_stub}
  0x00000184ee52b4d4: 9048 bb00 | 0000 0000 

  0x00000184ee52b4dc: ;   {runtime_call nmethod}
  0x00000184ee52b4dc: 0000 00e9 | fbff ffff 

  0x00000184ee52b4e4: ;   {static_stub}
  0x00000184ee52b4e4: 9048 bb00 | 0000 0000 

  0x00000184ee52b4ec: ;   {runtime_call nmethod}
  0x00000184ee52b4ec: 0000 00e9 | fbff ffff 

  0x00000184ee52b4f4: ;   {static_stub}
  0x00000184ee52b4f4: 9048 bb00 | 0000 0000 

  0x00000184ee52b4fc: ;   {runtime_call nmethod}
  0x00000184ee52b4fc: 0000 00e9 | fbff ffff 

  0x00000184ee52b504: ;   {static_stub}
  0x00000184ee52b504: 9048 bb00 | 0000 0000 

  0x00000184ee52b50c: ;   {runtime_call nmethod}
  0x00000184ee52b50c: 0000 00e9 | fbff ffff 

  0x00000184ee52b514: ;   {static_stub}
  0x00000184ee52b514: 9048 bb00 | 0000 0000 

  0x00000184ee52b51c: ;   {runtime_call nmethod}
  0x00000184ee52b51c: 0000 00e9 | fbff ffff 

  0x00000184ee52b524: ;   {static_stub}
  0x00000184ee52b524: 48bb 0000 | 0000 0000 

  0x00000184ee52b52c: ;   {runtime_call nmethod}
  0x00000184ee52b52c: 0000 e9fb 

  0x00000184ee52b530: ;   {static_stub}
  0x00000184ee52b530: ffff ff48 | bb00 0000 | 0000 0000 

  0x00000184ee52b53c: ;   {runtime_call nmethod}
  0x00000184ee52b53c: 00e9 fbff 

  0x00000184ee52b540: ;   {static_stub}
  0x00000184ee52b540: ffff 48bb | 809c 1c25 | 0000 0000 

  0x00000184ee52b54c: ;   {runtime_call I2C/C2I adapters}
  0x00000184ee52b54c: e9e9 1de6 

  0x00000184ee52b550: ;   {static_stub}
  0x00000184ee52b550: ff48 bb70 | aa1c 2500 

  0x00000184ee52b558: ;   {runtime_call I2C/C2I adapters}
  0x00000184ee52b558: 0000 00e9 | d6a6 e6ff 

  0x00000184ee52b560: ;   {static_stub}
  0x00000184ee52b560: 48bb 0000 | 0000 0000 

  0x00000184ee52b568: ;   {runtime_call nmethod}
  0x00000184ee52b568: 0000 e9fb 

  0x00000184ee52b56c: ;   {static_stub}
  0x00000184ee52b56c: ffff ff48 | bbc8 384a | 2500 0000 

  0x00000184ee52b578: ;   {runtime_call I2C/C2I adapters}
  0x00000184ee52b578: 00e9 c6a3 

  0x00000184ee52b57c: ;   {static_stub}
  0x00000184ee52b57c: e5ff 48bb | 0000 0000 | 0000 0000 

  0x00000184ee52b588: ;   {runtime_call nmethod}
  0x00000184ee52b588: e9fb ffff 

  0x00000184ee52b58c: ;   {runtime_call C1 Runtime handle_exception_from_callee_blob}
  0x00000184ee52b58c: ffe8 4e22 

  0x00000184ee52b590: ;   {external_word}
  0x00000184ee52b590: f1ff 48b9 | c0b0 56f6 | fe7f 0000 | 4883 e4f0 

  0x00000184ee52b5a0: ;   {runtime_call}
  0x00000184ee52b5a0: 48b8 6048 | 11f6 fe7f | 0000 ffd0 

  0x00000184ee52b5ac: ;   {section_word}
  0x00000184ee52b5ac: f449 baad | b552 ee84 | 0100 0041 

  0x00000184ee52b5b8: ;   {runtime_call DeoptimizationBlob}
  0x00000184ee52b5b8: 52e9 a25c | e6ff f4f4 
[/MachCode]


---------------  P R O C E S S  ---------------

Threads class SMR info:
_java_thread_list=0x00000184f5b84fe0, length=18, elements={
0x00000184e3649d60, 0x00000184f5021ac0, 0x00000184f5022520, 0x00000184f50246e0,
0x00000184f5025b00, 0x00000184f502a2d0, 0x00000184f502aa90, 0x00000184f502b250,
0x00000184f50a6ca0, 0x00000184f50a9a40, 0x00000184fa08d020, 0x00000184fa08dc40,
0x00000184f544e260, 0x00000184f544ea20, 0x00000184f5476a70, 0x00000184fa73f6d0,
0x00000184fa055e90, 0x00000184f57a7940
}

Java Threads: ( => current thread )
=>0x00000184e3649d60 JavaThread "main"                              [_thread_in_vm, id=5144, stack(0x000000059c100000,0x000000059c200000) (1024K)]
  0x00000184f5021ac0 JavaThread "Reference Handler"          daemon [_thread_blocked, id=2256, stack(0x000000059c900000,0x000000059ca00000) (1024K)]
  0x00000184f5022520 JavaThread "Finalizer"                  daemon [_thread_blocked, id=3088, stack(0x000000059ca00000,0x000000059cb00000) (1024K)]
  0x00000184f50246e0 JavaThread "Signal Dispatcher"          daemon [_thread_blocked, id=15388, stack(0x000000059cb00000,0x000000059cc00000) (1024K)]
  0x00000184f5025b00 JavaThread "Attach Listener"            daemon [_thread_blocked, id=15380, stack(0x000000059cc00000,0x000000059cd00000) (1024K)]
  0x00000184f502a2d0 JavaThread "Service Thread"             daemon [_thread_blocked, id=14012, stack(0x000000059cd00000,0x000000059ce00000) (1024K)]
  0x00000184f502aa90 JavaThread "Monitor Deflation Thread"   daemon [_thread_blocked, id=15368, stack(0x000000059ce00000,0x000000059cf00000) (1024K)]
  0x00000184f502b250 JavaThread "C1 CompilerThread0"         daemon [_thread_blocked, id=16272, stack(0x000000059cf00000,0x000000059d000000) (1024K)]
  0x00000184f50a6ca0 JavaThread "Notification Thread"        daemon [_thread_blocked, id=3144, stack(0x000000059d000000,0x000000059d100000) (1024K)]
  0x00000184f50a9a40 JavaThread "Common-Cleaner"             daemon [_thread_blocked, id=10780, stack(0x000000059d100000,0x000000059d200000) (1024K)]
  0x00000184fa08d020 JavaThread "C1 CompilerThread1"         daemon [_thread_blocked, id=15400, stack(0x000000059d500000,0x000000059d600000) (1024K)]
  0x00000184fa08dc40 JavaThread "C1 CompilerThread2"         daemon [_thread_blocked, id=5960, stack(0x000000059d600000,0x000000059d700000) (1024K)]
  0x00000184f544e260 JavaThread "Catalina-utility-1"                [_thread_blocked, id=5100, stack(0x000000059dc00000,0x000000059dd00000) (1024K)]
  0x00000184f544ea20 JavaThread "Catalina-utility-2"                [_thread_blocked, id=14972, stack(0x000000059dd00000,0x000000059de00000) (1024K)]
  0x00000184f5476a70 JavaThread "container-0"                       [_thread_blocked, id=2652, stack(0x000000059de00000,0x000000059df00000) (1024K)]
  0x00000184fa73f6d0 JavaThread "PostgreSQL-JDBC-Cleaner"    daemon [_thread_blocked, id=15568, stack(0x000000059e000000,0x000000059e100000) (1024K)]
  0x00000184fa055e90 JavaThread "HikariPool-1 housekeeper"   daemon [_thread_blocked, id=8124, stack(0x000000059e100000,0x000000059e200000) (1024K)]
  0x00000184f57a7940 JavaThread "HikariPool-1 connection adder" daemon [_thread_blocked, id=10296, stack(0x000000059e200000,0x000000059e300000) (1024K)]
Total: 18

Other Threads:
  0x00000184f5010640 VMThread "VM Thread"                           [id=12204, stack(0x000000059c800000,0x000000059c900000) (1024K)]
  0x00000184f500cd20 WatcherThread "VM Periodic Task Thread"        [id=15436, stack(0x000000059c700000,0x000000059c800000) (1024K)]
  0x00000184e5888620 WorkerThread "GC Thread#0"                     [id=9532, stack(0x000000059c200000,0x000000059c300000) (1024K)]
  0x00000184fa035000 WorkerThread "GC Thread#1"                     [id=15480, stack(0x000000059d200000,0x000000059d300000) (1024K)]
  0x00000184fa04b010 WorkerThread "GC Thread#2"                     [id=14884, stack(0x000000059d300000,0x000000059d400000) (1024K)]
  0x00000184fa267630 WorkerThread "GC Thread#3"                     [id=1680, stack(0x000000059d700000,0x000000059d800000) (1024K)]
  0x00000184fa2c90f0 WorkerThread "GC Thread#4"                     [id=6208, stack(0x000000059d800000,0x000000059d900000) (1024K)]
  0x00000184fa2cbd50 WorkerThread "GC Thread#5"                     [id=15196, stack(0x000000059d900000,0x000000059da00000) (1024K)]
  0x00000184fa6400e0 WorkerThread "GC Thread#6"                     [id=15472, stack(0x000000059da00000,0x000000059db00000) (1024K)]
  0x00000184fa644520 WorkerThread "GC Thread#7"                     [id=2636, stack(0x000000059db00000,0x000000059dc00000) (1024K)]
  0x00000184e5893950 ConcurrentGCThread "G1 Main Marker"            [id=13264, stack(0x000000059c300000,0x000000059c400000) (1024K)]
  0x00000184e5894670 WorkerThread "G1 Conc#0"                       [id=3028, stack(0x000000059c400000,0x000000059c500000) (1024K)]
  0x00000184fa29fc40 WorkerThread "G1 Conc#1"                       [id=1124, stack(0x000000059d400000,0x000000059d500000) (1024K)]
  0x00000184e58da180 ConcurrentGCThread "G1 Refine#0"               [id=14652, stack(0x000000059c500000,0x000000059c600000) (1024K)]
  0x00000184e58dad90 ConcurrentGCThread "G1 Service"                [id=15440, stack(0x000000059c600000,0x000000059c700000) (1024K)]
Total: 15

Threads with active compile tasks:
Total: 0

VM state: not at safepoint (normal execution)

VM Mutex/Monitor currently owned by a thread:  ([mutex/lock_event])
[0x00007ffef68606b8] Metaspace_lock - owner thread: 0x00000184e3649d60

Heap address: 0x00000000c9e00000, size: 866 MB, Compressed Oops mode: 32-bit

CDS archive(s) mapped at: [0x0000000025000000-0x0000000025dd0000-0x0000000025dd0000), size 14483456, SharedBaseAddress: 0x0000000025000000, ArchiveRelocationMode: 1.
Compressed class space mapped at: 0x0000000026000000-0x0000000066000000, reserved size: 1073741824
UseCompressedClassPointers 1, UseCompactObjectHeaders 0
Narrow klass pointer bits 32, Max shift 3
Narrow klass base: 0x0000000025000000, Narrow klass shift: 0
Encoding Range: [0x0000000025000000 - 0x0000000125000000), (4294967296 bytes)
Klass Range:    [0x0000000025010000 - 0x0000000066000000), (1090453504 bytes)
Klass ID Range:  [65536 - 1090519033) (1090453497)
Protection zone: [0x0000000025000000 - 0x0000000025010000), (65536 bytes)

GC Precious Log:
 CardTable entry size: 512
 Card Set container configuration: InlinePtr #cards 5 size 8 Array Of Cards #cards 10 size 36 Howl #buckets 4 coarsen threshold 1843 Howl Bitmap #cards 512 size 80 coarsen threshold 460 Card regions per heap region 1 cards per card region 2048
 CPUs: 8 total, 8 available
 Memory: 3456M
 Large Page Support: Disabled
 NUMA Support: Disabled
 Compressed Oops: Enabled (32-bit)
 Heap Region Size: 1M
 Heap Min Capacity: 8M
 Heap Initial Capacity: 56M
 Heap Max Capacity: 866M
 Pre-touch: Disabled
 Parallel Workers: 8
 Concurrent Workers: 2
 Concurrent Refinement Workers: 8
 Periodic GC: Disabled
 G1 Time-Based Heap Sizing enabled (uncommit-only)
 Evaluation Interval: 60s, Uncommit Delay: 300s, Min Regions To Uncommit: 10

Heap:
 garbage-first heap   total reserved 886784K, committed 71680K, used 38645K [0x00000000c9e00000, 0x0000000100000000)
  region size 1024K, 16 young (16384K), 4 survivors (4096K)

Heap Regions: E=young(eden), S=young(survivor), O=old, HS=humongous(starts), HC=humongous(continues), CS=collection set, F=free, TAMS=top-at-mark-start, PB=parsable bottom
|   0|0x00000000c9e00000, 0x00000000c9f00000, 0x00000000c9f00000|100%|HS|  |TAMS 0x00000000c9e00000| PB 0x00000000c9e00000| Complete |  0
|   1|0x00000000c9f00000, 0x00000000ca000000, 0x00000000ca000000|100%| O|  |TAMS 0x00000000c9f00000| PB 0x00000000c9f00000| Untracked |  0
|   2|0x00000000ca000000, 0x00000000ca100000, 0x00000000ca100000|100%| O|  |TAMS 0x00000000ca000000| PB 0x00000000ca000000| Untracked |  0
|   3|0x00000000ca100000, 0x00000000ca200000, 0x00000000ca200000|100%| O|  |TAMS 0x00000000ca100000| PB 0x00000000ca100000| Untracked |  0
|   4|0x00000000ca200000, 0x00000000ca300000, 0x00000000ca300000|100%| O|  |TAMS 0x00000000ca200000| PB 0x00000000ca200000| Untracked |  0
|   5|0x00000000ca300000, 0x00000000ca400000, 0x00000000ca400000|100%| O|  |TAMS 0x00000000ca300000| PB 0x00000000ca300000| Untracked |  0
|   6|0x00000000ca400000, 0x00000000ca500000, 0x00000000ca500000|100%| O|  |TAMS 0x00000000ca400000| PB 0x00000000ca400000| Untracked |  0
|   7|0x00000000ca500000, 0x00000000ca600000, 0x00000000ca600000|100%| O|  |TAMS 0x00000000ca500000| PB 0x00000000ca500000| Untracked |  0
|   8|0x00000000ca600000, 0x00000000ca700000, 0x00000000ca700000|100%| O|  |TAMS 0x00000000ca600000| PB 0x00000000ca600000| Untracked |  0
|   9|0x00000000ca700000, 0x00000000ca800000, 0x00000000ca800000|100%| O|  |TAMS 0x00000000ca700000| PB 0x00000000ca700000| Untracked |  0
|  10|0x00000000ca800000, 0x00000000ca900000, 0x00000000ca900000|100%| O|  |TAMS 0x00000000ca800000| PB 0x00000000ca800000| Untracked |  0
|  11|0x00000000ca900000, 0x00000000caa00000, 0x00000000caa00000|100%| O|  |TAMS 0x00000000ca900000| PB 0x00000000ca900000| Untracked |  0
|  12|0x00000000caa00000, 0x00000000cab00000, 0x00000000cab00000|100%| O|  |TAMS 0x00000000caa00000| PB 0x00000000caa00000| Untracked |  0
|  13|0x00000000cab00000, 0x00000000cac00000, 0x00000000cac00000|100%| O|  |TAMS 0x00000000cab00000| PB 0x00000000cab00000| Untracked |  0
|  14|0x00000000cac00000, 0x00000000cad00000, 0x00000000cad00000|100%| O|Cm|TAMS 0x00000000cac00000| PB 0x00000000cac00000| Complete |  0
|  15|0x00000000cad00000, 0x00000000cae00000, 0x00000000cae00000|100%| O|  |TAMS 0x00000000cad00000| PB 0x00000000cad00000| Untracked |  0
|  16|0x00000000cae00000, 0x00000000caf00000, 0x00000000caf00000|100%| O|  |TAMS 0x00000000cae00000| PB 0x00000000cae00000| Untracked |  0
|  17|0x00000000caf00000, 0x00000000cb000000, 0x00000000cb000000|100%| O|  |TAMS 0x00000000caf00000| PB 0x00000000caf00000| Untracked |  0
|  18|0x00000000cb000000, 0x00000000cb100000, 0x00000000cb100000|100%| O|  |TAMS 0x00000000cb000000| PB 0x00000000cb000000| Untracked |  0
|  19|0x00000000cb100000, 0x00000000cb200000, 0x00000000cb200000|100%| O|  |TAMS 0x00000000cb100000| PB 0x00000000cb100000| Untracked |  0
|  20|0x00000000cb200000, 0x00000000cb300000, 0x00000000cb300000|100%| O|  |TAMS 0x00000000cb200000| PB 0x00000000cb200000| Untracked |  0
|  21|0x00000000cb300000, 0x00000000cb400000, 0x00000000cb400000|100%| O|  |TAMS 0x00000000cb300000| PB 0x00000000cb300000| Untracked |  0
|  22|0x00000000cb400000, 0x00000000cb42b2a0, 0x00000000cb500000| 16%| O|  |TAMS 0x00000000cb400000| PB 0x00000000cb400000| Untracked |  0
|  23|0x00000000cb500000, 0x00000000cb500000, 0x00000000cb600000|  0%| F|  |TAMS 0x00000000cb500000| PB 0x00000000cb500000| Untracked |  0
|  24|0x00000000cb600000, 0x00000000cb600000, 0x00000000cb700000|  0%| F|  |TAMS 0x00000000cb600000| PB 0x00000000cb600000| Untracked |  0
|  25|0x00000000cb700000, 0x00000000cb700000, 0x00000000cb800000|  0%| F|  |TAMS 0x00000000cb700000| PB 0x00000000cb700000| Untracked |  0
|  26|0x00000000cb800000, 0x00000000cb800000, 0x00000000cb900000|  0%| F|  |TAMS 0x00000000cb800000| PB 0x00000000cb800000| Untracked |  0
|  27|0x00000000cb900000, 0x00000000cb900000, 0x00000000cba00000|  0%| F|  |TAMS 0x00000000cb900000| PB 0x00000000cb900000| Untracked |  0
|  28|0x00000000cba00000, 0x00000000cba92298, 0x00000000cbb00000| 57%| S|CS|TAMS 0x00000000cba00000| PB 0x00000000cba00000| Complete |  0
|  29|0x00000000cbb00000, 0x00000000cbc00000, 0x00000000cbc00000|100%| S|CS|TAMS 0x00000000cbb00000| PB 0x00000000cbb00000| Complete |  0
|  30|0x00000000cbc00000, 0x00000000cbd00000, 0x00000000cbd00000|100%| S|CS|TAMS 0x00000000cbc00000| PB 0x00000000cbc00000| Complete |  0
|  31|0x00000000cbd00000, 0x00000000cbe00000, 0x00000000cbe00000|100%| S|CS|TAMS 0x00000000cbd00000| PB 0x00000000cbd00000| Complete |  0
|  32|0x00000000cbe00000, 0x00000000cbe00000, 0x00000000cbf00000|  0%| F|  |TAMS 0x00000000cbe00000| PB 0x00000000cbe00000| Untracked |  0
|  33|0x00000000cbf00000, 0x00000000cbf00000, 0x00000000cc000000|  0%| F|  |TAMS 0x00000000cbf00000| PB 0x00000000cbf00000| Untracked |  0
|  34|0x00000000cc000000, 0x00000000cc000000, 0x00000000cc100000|  0%| F|  |TAMS 0x00000000cc000000| PB 0x00000000cc000000| Untracked |  0
|  35|0x00000000cc100000, 0x00000000cc100000, 0x00000000cc200000|  0%| F|  |TAMS 0x00000000cc100000| PB 0x00000000cc100000| Untracked |  0
|  36|0x00000000cc200000, 0x00000000cc200000, 0x00000000cc300000|  0%| F|  |TAMS 0x00000000cc200000| PB 0x00000000cc200000| Untracked |  0
|  37|0x00000000cc300000, 0x00000000cc300000, 0x00000000cc400000|  0%| F|  |TAMS 0x00000000cc300000| PB 0x00000000cc300000| Untracked |  0
|  38|0x00000000cc400000, 0x00000000cc400000, 0x00000000cc500000|  0%| F|  |TAMS 0x00000000cc400000| PB 0x00000000cc400000| Untracked |  0
|  39|0x00000000cc500000, 0x00000000cc500000, 0x00000000cc600000|  0%| F|  |TAMS 0x00000000cc500000| PB 0x00000000cc500000| Untracked |  0
|  40|0x00000000cc600000, 0x00000000cc600000, 0x00000000cc700000|  0%| F|  |TAMS 0x00000000cc600000| PB 0x00000000cc600000| Untracked |  0
|  41|0x00000000cc700000, 0x00000000cc700000, 0x00000000cc800000|  0%| F|  |TAMS 0x00000000cc700000| PB 0x00000000cc700000| Untracked |  0
|  42|0x00000000cc800000, 0x00000000cc800000, 0x00000000cc900000|  0%| F|  |TAMS 0x00000000cc800000| PB 0x00000000cc800000| Untracked |  0
|  43|0x00000000cc900000, 0x00000000cc900000, 0x00000000cca00000|  0%| F|  |TAMS 0x00000000cc900000| PB 0x00000000cc900000| Untracked |  0
|  44|0x00000000cca00000, 0x00000000cca00000, 0x00000000ccb00000|  0%| F|  |TAMS 0x00000000cca00000| PB 0x00000000cca00000| Untracked |  0
|  45|0x00000000ccb00000, 0x00000000ccb00000, 0x00000000ccc00000|  0%| F|  |TAMS 0x00000000ccb00000| PB 0x00000000ccb00000| Untracked |  0
|  46|0x00000000ccc00000, 0x00000000ccc00000, 0x00000000ccd00000|  0%| F|  |TAMS 0x00000000ccc00000| PB 0x00000000ccc00000| Untracked |  0
|  47|0x00000000ccd00000, 0x00000000ccd00000, 0x00000000cce00000|  0%| F|  |TAMS 0x00000000ccd00000| PB 0x00000000ccd00000| Untracked |  0
|  48|0x00000000cce00000, 0x00000000cce00000, 0x00000000ccf00000|  0%| F|  |TAMS 0x00000000cce00000| PB 0x00000000cce00000| Untracked |  0
|  49|0x00000000ccf00000, 0x00000000ccf00000, 0x00000000cd000000|  0%| F|  |TAMS 0x00000000ccf00000| PB 0x00000000ccf00000| Untracked |  0
|  50|0x00000000cd000000, 0x00000000cd000000, 0x00000000cd100000|  0%| F|  |TAMS 0x00000000cd000000| PB 0x00000000cd000000| Untracked |  0
|  51|0x00000000cd100000, 0x00000000cd100000, 0x00000000cd200000|  0%| F|  |TAMS 0x00000000cd100000| PB 0x00000000cd100000| Untracked |  0
|  52|0x00000000cd200000, 0x00000000cd200000, 0x00000000cd300000|  0%| F|  |TAMS 0x00000000cd200000| PB 0x00000000cd200000| Untracked |  0
|  53|0x00000000cd300000, 0x00000000cd300000, 0x00000000cd400000|  0%| F|  |TAMS 0x00000000cd300000| PB 0x00000000cd300000| Untracked |  0
|  54|0x00000000cd400000, 0x00000000cd400000, 0x00000000cd500000|  0%| F|  |TAMS 0x00000000cd400000| PB 0x00000000cd400000| Untracked |  0
|  55|0x00000000cd500000, 0x00000000cd500000, 0x00000000cd600000|  0%| F|  |TAMS 0x00000000cd500000| PB 0x00000000cd500000| Untracked |  0
|  56|0x00000000cd600000, 0x00000000cd600000, 0x00000000cd700000|  0%| F|  |TAMS 0x00000000cd600000| PB 0x00000000cd600000| Untracked |  0
|  57|0x00000000cd700000, 0x00000000cd782ad8, 0x00000000cd800000| 51%| E|  |TAMS 0x00000000cd700000| PB 0x00000000cd700000| Complete |  1
|  58|0x00000000cd800000, 0x00000000cd900000, 0x00000000cd900000|100%| E|CS|TAMS 0x00000000cd800000| PB 0x00000000cd800000| Complete |  0
|  59|0x00000000cd900000, 0x00000000cda00000, 0x00000000cda00000|100%| E|CS|TAMS 0x00000000cd900000| PB 0x00000000cd900000| Complete |  0
|  60|0x00000000cda00000, 0x00000000cdb00000, 0x00000000cdb00000|100%| E|CS|TAMS 0x00000000cda00000| PB 0x00000000cda00000| Complete |  0
|  61|0x00000000cdb00000, 0x00000000cdc00000, 0x00000000cdc00000|100%| E|CS|TAMS 0x00000000cdb00000| PB 0x00000000cdb00000| Complete |  0
|  62|0x00000000cdc00000, 0x00000000cdd00000, 0x00000000cdd00000|100%| E|CS|TAMS 0x00000000cdc00000| PB 0x00000000cdc00000| Complete |  0
|  63|0x00000000cdd00000, 0x00000000cde00000, 0x00000000cde00000|100%| E|CS|TAMS 0x00000000cdd00000| PB 0x00000000cdd00000| Complete |  0
|  64|0x00000000cde00000, 0x00000000cdf00000, 0x00000000cdf00000|100%| E|CS|TAMS 0x00000000cde00000| PB 0x00000000cde00000| Complete |  0
|  65|0x00000000cdf00000, 0x00000000ce000000, 0x00000000ce000000|100%| E|CS|TAMS 0x00000000cdf00000| PB 0x00000000cdf00000| Complete |  0
|  66|0x00000000ce000000, 0x00000000ce100000, 0x00000000ce100000|100%| E|CS|TAMS 0x00000000ce000000| PB 0x00000000ce000000| Complete |  0
|  67|0x00000000ce100000, 0x00000000ce200000, 0x00000000ce200000|100%| E|CS|TAMS 0x00000000ce100000| PB 0x00000000ce100000| Complete |  0
| 864|0x00000000ffe00000, 0x00000000fff00000, 0x00000000fff00000|100%| O|  |TAMS 0x00000000ffe00000| PB 0x00000000ffe00000| Untracked |  0
| 865|0x00000000fff00000, 0x0000000100000000, 0x0000000100000000|100%| E|CS|TAMS 0x00000000fff00000| PB 0x00000000fff00000| Complete |  0

Card table byte_map: [0x00000184f1720000,0x00000184f18e0000] _byte_map_base: 0x00000184f10d1000

Marking Bits: (CMBitMap*) 0x00000184e5888db0
 Bits: [0x00000184f18e0000, 0x00000184f2668000)

Polling page: 0x00000184e5000000

Metaspace:
Metaspace        used 46069K, committed 46528K, reserved 1114112K
 class space     used 6691K, committed 6912K, reserved 1048576K

Usage:
  Non-class:     38.46 MB used.
      Class:      6.54 MB used.
       Both:     44.99 MB used.

Virtual space:
  Non-class space:       64.00 MB reserved,      38.69 MB ( 60%) committed,  1 nodes.
      Class space:        1.00 GB reserved,       6.75 MB ( <1%) committed,  1 nodes.
             Both:        1.06 GB reserved,      45.44 MB (  4%) committed. 

Chunk freelists:
   Non-Class:  8.48 MB
       Class:  9.23 MB
        Both:  17.72 MB

MaxMetaspaceSize: unlimited
CompressedClassSpaceSize: 1.00 GB
Initial GC threshold: 21.00 MB
Current GC threshold: 59.06 MB
CDS: on
 - commit_granule_bytes: 65536.
 - commit_granule_words: 8192.
 - virtual_space_node_default_size: 8388608.
 - enlarge_chunks_in_place: 1.
UseCompressedClassPointers 1, UseCompactObjectHeaders 0
Narrow klass pointer bits 32, Max shift 3
Narrow klass base: 0x0000000025000000, Narrow klass shift: 0
Encoding Range: [0x0000000025000000 - 0x0000000125000000), (4294967296 bytes)
Klass Range:    [0x0000000025010000 - 0x0000000066000000), (1090453504 bytes)
Klass ID Range:  [65536 - 1090519033) (1090453497)
Protection zone: [0x0000000025000000 - 0x0000000025010000), (65536 bytes)


Internal statistics:

num_allocs_failed_limit: 6.
num_arena_births: 490.
num_arena_deaths: 0.
num_vsnodes_births: 2.
num_vsnodes_deaths: 0.
num_space_committed: 727.
num_space_uncommitted: 0.
num_chunks_returned_to_freelist: 6.
num_chunks_taken_from_freelist: 2148.
num_chunk_merges: 6.
num_chunk_splits: 1586.
num_chunks_enlarged: 1315.
num_inconsistent_stats: 0.

CodeCache: size=49152Kb used=7894Kb max_used=7894Kb free=41257Kb
 bounds [0x00000184ee340000, 0x00000184eeb00000, 0x00000184f1340000]
 total_blobs=5476, nmethods=4857, adapters=541, full_count=0
Compilation: enabled, stopped_count=0, restarted_count=0

Compilation events (20 events):
Event: 8.729 Thread 0x00000184fa08dc40 nmethod 4886 0x00000184eeaf1d88 code [0x00000184eeaf1e80, 0x00000184eeaf1fd8]
Event: 8.729 Thread 0x00000184fa08d020 nmethod 4887 0x00000184eeaf2088 code [0x00000184eeaf2180, 0x00000184eeaf22a8]
Event: 8.729 Thread 0x00000184f502b250 4889       1       java.util.regex.Pattern$1MatcherIterator::hasNext (227 bytes)
Event: 8.729 Thread 0x00000184fa08dc40 4890       1       java.util.stream.Collectors$$Lambda/0x000000002614c700::accept (14 bytes)
Event: 8.729 Thread 0x00000184fa08dc40 nmethod 4890 0x00000184eeaf2388 code [0x00000184eeaf2480, 0x00000184eeaf26e0]
Event: 8.729 Thread 0x00000184f502b250 nmethod 4889 0x00000184eeaf2708 code [0x00000184eeaf2800, 0x00000184eeaf2f88]
Event: 8.754 Thread 0x00000184f502b250 4891       1       jdk.internal.event.SocketWriteEvent::enabled (2 bytes)
Event: 8.754 Thread 0x00000184fa08d020 4892       1       java.nio.DirectByteBuffer::isReadOnly (2 bytes)
Event: 8.754 Thread 0x00000184fa08d020 nmethod 4892 0x00000184eeaf3708 code [0x00000184eeaf3800, 0x00000184eeaf38c8]
Event: 8.754 Thread 0x00000184f502b250 nmethod 4891 0x00000184eeaf3a08 code [0x00000184eeaf3b00, 0x00000184eeaf3ba8]
Event: 8.754 Thread 0x00000184fa08d020 4894       1       jdk.internal.event.SocketReadEvent::enabled (2 bytes)
Event: 8.754 Thread 0x00000184f502b250 4895       1       sun.nio.ch.NioSocketImpl::ensureOpenAndConnected (36 bytes)
Event: 8.754 Thread 0x00000184fa08d020 nmethod 4894 0x00000184eeaf4008 code [0x00000184eeaf4100, 0x00000184eeaf41a8]
Event: 8.754 Thread 0x00000184f502b250 nmethod 4895 0x00000184eeaf4308 code [0x00000184eeaf4400, 0x00000184eeaf4638]
Event: 8.771 Thread 0x00000184f502b250 4898       1       java.lang.reflect.Field::getModifiers (5 bytes)
Event: 8.772 Thread 0x00000184f502b250 nmethod 4898 0x00000184eeaf5188 code [0x00000184eeaf5280, 0x00000184eeaf5348]
Event: 8.773 Thread 0x00000184fa08d020 4899       1       java.lang.reflect.Field::getType (5 bytes)
Event: 8.773 Thread 0x00000184fa08d020 nmethod 4899 0x00000184eeaf5488 code [0x00000184eeaf5580, 0x00000184eeaf5648]
Event: 8.848 Thread 0x00000184f502b250 4900       1       java.lang.Integer::equals (31 bytes)
Event: 8.848 Thread 0x00000184f502b250 nmethod 4900 0x00000184eeaf5788 code [0x00000184eeaf5880, 0x00000184eeaf5a08]

GC Heap Usage History (20 events):
Event: 1.689 {heap Before GC invocations=0 (full 0):
 garbage-first heap   total reserved 886784K, committed 59392K, used 30866K [0x00000000c9e00000, 0x0000000100000000)
  region size 1024K, 29 young (29696K), 0 survivors (0K)
}
Event: 1.698 {heap After GC invocations=1 (full 0):
 garbage-first heap   total reserved 886784K, committed 59392K, used 9114K [0x00000000c9e00000, 0x0000000100000000)
  region size 1024K, 4 young (4096K), 4 survivors (4096K)
}
Event: 2.523 {heap Before GC invocations=1 (full 0):
 garbage-first heap   total reserved 886784K, committed 59392K, used 30618K [0x00000000c9e00000, 0x0000000100000000)
  region size 1024K, 25 young (25600K), 4 survivors (4096K)
}
Event: 2.528 {heap After GC invocations=2 (full 0):
 garbage-first heap   total reserved 886784K, committed 59392K, used 11092K [0x00000000c9e00000, 0x0000000100000000)
  region size 1024K, 2 young (2048K), 2 survivors (2048K)
}
Event: 2.919 {heap Before GC invocations=2 (full 0):
 garbage-first heap   total reserved 886784K, committed 59392K, used 35668K [0x00000000c9e00000, 0x0000000100000000)
  region size 1024K, 27 young (27648K), 2 survivors (2048K)
}
Event: 2.925 {heap After GC invocations=3 (full 0):
 garbage-first heap   total reserved 886784K, committed 59392K, used 13850K [0x00000000c9e00000, 0x0000000100000000)
  region size 1024K, 4 young (4096K), 4 survivors (4096K)
}
Event: 3.599 {heap Before GC invocations=3 (full 0):
 garbage-first heap   total reserved 886784K, committed 59392K, used 39450K [0x00000000c9e00000, 0x0000000100000000)
  region size 1024K, 30 young (30720K), 4 survivors (4096K)
}
Event: 3.608 {heap After GC invocations=4 (full 0):
 garbage-first heap   total reserved 886784K, committed 59392K, used 16495K [0x00000000c9e00000, 0x0000000100000000)
  region size 1024K, 4 young (4096K), 4 survivors (4096K)
}
Event: 3.787 {heap Before GC invocations=4 (full 0):
 garbage-first heap   total reserved 886784K, committed 59392K, used 22639K [0x00000000c9e00000, 0x0000000100000000)
  region size 1024K, 11 young (11264K), 4 survivors (4096K)
}
Event: 3.797 {heap After GC invocations=5 (full 0):
 garbage-first heap   total reserved 886784K, committed 59392K, used 17426K [0x00000000c9e00000, 0x0000000100000000)
  region size 1024K, 1 young (1024K), 1 survivors (1024K)
}
Event: 4.700 {heap Before GC invocations=6 (full 0):
 garbage-first heap   total reserved 886784K, committed 59392K, used 44050K [0x00000000c9e00000, 0x0000000100000000)
  region size 1024K, 27 young (27648K), 1 survivors (1024K)
}
Event: 4.711 {heap After GC invocations=7 (full 0):
 garbage-first heap   total reserved 886784K, committed 59392K, used 19794K [0x00000000c9e00000, 0x0000000100000000)
  region size 1024K, 3 young (3072K), 3 survivors (3072K)
}
Event: 5.289 {heap Before GC invocations=7 (full 0):
 garbage-first heap   total reserved 886784K, committed 59392K, used 46418K [0x00000000c9e00000, 0x0000000100000000)
  region size 1024K, 29 young (29696K), 3 survivors (3072K)
}
Event: 5.300 {heap After GC invocations=8 (full 0):
 garbage-first heap   total reserved 886784K, committed 59392K, used 21967K [0x00000000c9e00000, 0x0000000100000000)
  region size 1024K, 3 young (3072K), 3 survivors (3072K)
}
Event: 5.957 {heap Before GC invocations=8 (full 0):
 garbage-first heap   total reserved 886784K, committed 59392K, used 48591K [0x00000000c9e00000, 0x0000000100000000)
  region size 1024K, 29 young (29696K), 3 survivors (3072K)
}
Event: 5.965 {heap After GC invocations=9 (full 0):
 garbage-first heap   total reserved 886784K, committed 71680K, used 23980K [0x00000000c9e00000, 0x0000000100000000)
  region size 1024K, 2 young (2048K), 2 survivors (2048K)
}
Event: 6.387 {heap Before GC invocations=9 (full 0):
 garbage-first heap   total reserved 886784K, committed 71680K, used 42412K [0x00000000c9e00000, 0x0000000100000000)
  region size 1024K, 21 young (21504K), 2 survivors (2048K)
}
Event: 6.392 {heap After GC invocations=10 (full 0):
 garbage-first heap   total reserved 886784K, committed 71680K, used 24904K [0x00000000c9e00000, 0x0000000100000000)
  region size 1024K, 3 young (3072K), 3 survivors (3072K)
}
Event: 8.104 {heap Before GC invocations=11 (full 0):
 garbage-first heap   total reserved 886784K, committed 71680K, used 59720K [0x00000000c9e00000, 0x0000000100000000)
  region size 1024K, 37 young (37888K), 3 survivors (3072K)
}
Event: 8.112 {heap After GC invocations=12 (full 0):
 garbage-first heap   total reserved 886784K, committed 71680K, used 27381K [0x00000000c9e00000, 0x0000000100000000)
  region size 1024K, 4 young (4096K), 4 survivors (4096K)
}

Metaspace Usage History (20 events):
Event: 1.689 {metaspace Before GC invocations=0 (full 0):
 Metaspace       used 6475K, committed 6656K, reserved 1114112K
  class space    used 924K, committed 1024K, reserved 1048576K
}
Event: 1.698 {metaspace After GC invocations=1 (full 0):
 Metaspace       used 6475K, committed 6656K, reserved 1114112K
  class space    used 924K, committed 1024K, reserved 1048576K
}
Event: 2.523 {metaspace Before GC invocations=1 (full 0):
 Metaspace       used 12298K, committed 12544K, reserved 1114112K
  class space    used 1836K, committed 1984K, reserved 1048576K
}
Event: 2.528 {metaspace After GC invocations=2 (full 0):
 Metaspace       used 12298K, committed 12544K, reserved 1114112K
  class space    used 1836K, committed 1984K, reserved 1048576K
}
Event: 2.919 {metaspace Before GC invocations=2 (full 0):
 Metaspace       used 18088K, committed 18368K, reserved 1114112K
  class space    used 2558K, committed 2688K, reserved 1048576K
}
Event: 2.925 {metaspace After GC invocations=3 (full 0):
 Metaspace       used 18088K, committed 18368K, reserved 1114112K
  class space    used 2558K, committed 2688K, reserved 1048576K
}
Event: 3.599 {metaspace Before GC invocations=3 (full 0):
 Metaspace       used 20135K, committed 20416K, reserved 1114112K
  class space    used 2862K, committed 3008K, reserved 1048576K
}
Event: 3.608 {metaspace After GC invocations=4 (full 0):
 Metaspace       used 20135K, committed 20416K, reserved 1114112K
  class space    used 2862K, committed 3008K, reserved 1048576K
}
Event: 3.787 {metaspace Before GC invocations=4 (full 0):
 Metaspace       used 21336K, committed 21504K, reserved 1114112K
  class space    used 3038K, committed 3136K, reserved 1048576K
}
Event: 3.797 {metaspace After GC invocations=5 (full 0):
 Metaspace       used 21336K, committed 21504K, reserved 1114112K
  class space    used 3038K, committed 3136K, reserved 1048576K
}
Event: 4.701 {metaspace Before GC invocations=6 (full 0):
 Metaspace       used 24919K, committed 25152K, reserved 1114112K
  class space    used 3602K, committed 3712K, reserved 1048576K
}
Event: 4.711 {metaspace After GC invocations=7 (full 0):
 Metaspace       used 24919K, committed 25152K, reserved 1114112K
  class space    used 3602K, committed 3712K, reserved 1048576K
}
Event: 5.289 {metaspace Before GC invocations=7 (full 0):
 Metaspace       used 29802K, committed 30144K, reserved 1114112K
  class space    used 4311K, committed 4480K, reserved 1048576K
}
Event: 5.300 {metaspace After GC invocations=8 (full 0):
 Metaspace       used 29802K, committed 30144K, reserved 1114112K
  class space    used 4311K, committed 4480K, reserved 1048576K
}
Event: 5.957 {metaspace Before GC invocations=8 (full 0):
 Metaspace       used 33132K, committed 33536K, reserved 1114112K
  class space    used 4760K, committed 4928K, reserved 1048576K
}
Event: 5.966 {metaspace After GC invocations=9 (full 0):
 Metaspace       used 33132K, committed 33536K, reserved 1114112K
  class space    used 4760K, committed 4928K, reserved 1048576K
}
Event: 6.387 {metaspace Before GC invocations=9 (full 0):
 Metaspace       used 35691K, committed 36096K, reserved 1114112K
  class space    used 5094K, committed 5312K, reserved 1048576K
}
Event: 6.392 {metaspace After GC invocations=10 (full 0):
 Metaspace       used 35691K, committed 36096K, reserved 1114112K
  class space    used 5094K, committed 5312K, reserved 1048576K
}
Event: 8.104 {metaspace Before GC invocations=11 (full 0):
 Metaspace       used 42626K, committed 43072K, reserved 1114112K
  class space    used 6123K, committed 6336K, reserved 1048576K
}
Event: 8.112 {metaspace After GC invocations=12 (full 0):
 Metaspace       used 42626K, committed 43072K, reserved 1114112K
  class space    used 6123K, committed 6336K, reserved 1048576K
}

Dll operation events (10 events):
Event: 0.015 Loaded shared library C:\Program Files\Microsoft\jdk-25.0.3.9-hotspot\bin\java.dll
Event: 0.231 Loaded shared library C:\Program Files\Microsoft\jdk-25.0.3.9-hotspot\bin\net.dll
Event: 0.234 Loaded shared library C:\Program Files\Microsoft\jdk-25.0.3.9-hotspot\bin\nio.dll
Event: 0.241 Loaded shared library C:\Program Files\Microsoft\jdk-25.0.3.9-hotspot\bin\zip.dll
Event: 0.439 Loaded shared library C:\Program Files\Microsoft\jdk-25.0.3.9-hotspot\bin\jimage.dll
Event: 3.052 Loaded shared library C:\Program Files\Microsoft\jdk-25.0.3.9-hotspot\bin\sunmscapi.dll
Event: 4.694 Loaded shared library C:\Program Files\Microsoft\jdk-25.0.3.9-hotspot\bin\verify.dll
Event: 5.720 Loaded shared library C:\Program Files\Microsoft\jdk-25.0.3.9-hotspot\bin\management.dll
Event: 5.725 Loaded shared library C:\Program Files\Microsoft\jdk-25.0.3.9-hotspot\bin\management_ext.dll
Event: 6.246 Loaded shared library C:\Program Files\Microsoft\jdk-25.0.3.9-hotspot\bin\extnet.dll

Deoptimization events (8 events):
Event: 4.572 Thread 0x00000184e3649d60 DEOPT PACKING pc=0x00000184ee5aabac sp=0x000000059c1fca50
Event: 4.572 Thread 0x00000184e3649d60 DEOPT UNPACKING pc=0x00000184ee391702 sp=0x000000059c1fbf48 mode 0
Event: 5.070 Thread 0x00000184e3649d60 DEOPT PACKING pc=0x00000184ee9ba0d4 sp=0x000000059c1fdf50
Event: 5.070 Thread 0x00000184e3649d60 DEOPT UNPACKING pc=0x00000184ee391702 sp=0x000000059c1fd4e8 mode 0
Event: 6.058 Thread 0x00000184f544e260 DEOPT PACKING pc=0x00000184ee760751 sp=0x000000059dcff330
Event: 6.058 Thread 0x00000184f544e260 DEOPT UNPACKING pc=0x00000184ee391702 sp=0x000000059dcfe788 mode 3
Event: 6.058 Thread 0x00000184f544ea20 DEOPT PACKING pc=0x00000184ee76a456 sp=0x000000059ddfec50
Event: 6.058 Thread 0x00000184f544ea20 DEOPT UNPACKING pc=0x00000184ee391702 sp=0x000000059ddfe0e8 mode 3

Classes loaded (20 events):
Event: 8.002 Loading class javax/xml/stream/XMLEventFactory
Event: 8.003 Loading class javax/xml/stream/XMLEventFactory done
Event: 8.003 Loading class javax/xml/stream/FactoryFinder
Event: 8.003 Loading class javax/xml/stream/FactoryFinder done
Event: 8.004 Loading class com/sun/xml/internal/stream/events/XMLEventFactoryImpl
Event: 8.004 Loading class com/sun/xml/internal/stream/events/XMLEventFactoryImpl done
Event: 8.056 Loading class java/lang/Process
Event: 8.056 Loading class java/lang/Process done
Event: 8.091 Loading class java/lang/reflect/GenericSignatureFormatError
Event: 8.092 Loading class java/lang/reflect/GenericSignatureFormatError done
Event: 8.364 Loading class javax/naming/InvalidNameException
Event: 8.365 Loading class javax/naming/InvalidNameException done
Event: 8.365 Loading class javax/naming/event/NamingListener
Event: 8.365 Loading class javax/naming/event/NamingListener done
Event: 8.367 Loading class javax/naming/event/NamespaceChangeListener
Event: 8.367 Loading class javax/naming/event/NamespaceChangeListener done
Event: 8.728 Loading class java/util/regex/Pattern$1MatcherIterator
Event: 8.728 Loading class java/util/regex/Pattern$1MatcherIterator done
Event: 8.770 Loading class jdk/internal/reflect/MethodHandleIntegerFieldAccessorImpl
Event: 8.771 Loading class jdk/internal/reflect/MethodHandleIntegerFieldAccessorImpl done

Classes unloaded (0 events):
No events

Classes redefined (0 events):
No events

Internal exceptions (20 events):
Event: 5.856 Thread 0x00000184e3649d60 Exception <a 'java/lang/NoSuchMethodError'{0x00000000cc315930}: 'java.lang.Object java.lang.invoke.DirectMethodHandle$Holder.invokeStaticInit(java.lang.Object, java.lang.Object, java.lang.Object, java.lang.Object)'> (0x00000000cc315930) 
thrown [s\src\hotspot\share\interpreter\linkResolver.cpp, line 804]
Event: 5.858 Thread 0x00000184e3649d60 Exception <a 'java/lang/IncompatibleClassChangeError'{0x00000000cc32d758}: Found class java.lang.Object, but interface was expected> (0x00000000cc32d758) 
thrown [s\src\hotspot\share\interpreter\linkResolver.cpp, line 871]
Event: 5.859 Thread 0x00000184e3649d60 Exception <a 'java/lang/IncompatibleClassChangeError'{0x00000000cc341f70}: Found class java.lang.Object, but interface was expected> (0x00000000cc341f70) 
thrown [s\src\hotspot\share\interpreter\linkResolver.cpp, line 871]
Event: 5.862 Thread 0x00000184e3649d60 Exception <a 'java/lang/IncompatibleClassChangeError'{0x00000000cc39b470}: Found class java.lang.Object, but interface was expected> (0x00000000cc39b470) 
thrown [s\src\hotspot\share\interpreter\linkResolver.cpp, line 871]
Event: 6.041 Thread 0x00000184e3649d60 Exception <a 'java/lang/NoSuchMethodError'{0x00000000cdfbfd40}: 'long java.lang.invoke.DirectMethodHandle$Holder.invokeVirtual(java.lang.Object, java.lang.Object)'> (0x00000000cdfbfd40) 
thrown [s\src\hotspot\share\interpreter\linkResolver.cpp, line 804]
Event: 6.096 Thread 0x00000184e3649d60 Exception <a 'java/lang/NoSuchMethodError'{0x00000000cd979ae0}: 'java.lang.Object java.lang.invoke.DirectMethodHandle$Holder.invokeVirtual(java.lang.Object, java.lang.Object, java.lang.Object, java.lang.Object, java.lang.Object, java.lang.Object, java.lang.Object, java.lang.Object, java.lang.Object, java.lang.Object)'> (0x00000000cd979ae0) 
thrown [s\src\hotspot\share\interpreter\linkResolver.cpp, line 804]
Event: 6.098 Thread 0x00000184e3649d60 Exception <a 'java/lang/NoSuchMethodError'{0x00000000cd9c7b28}: 'java.lang.Object java.lang.invoke.DirectMethodHandle$Holder.invokeStatic(java.lang.Object, java.lang.Object, java.lang.Object, java.lang.Object, java.lang.Object, java.lang.Object, java.lang.Object, java.lang.Object, java.lang.Object)'> (0x00000000cd9c7b28) 
thrown [s\src\hotspot\share\interpreter\linkResolver.cpp, line 804]
Event: 6.323 Thread 0x00000184e3649d60 Exception <a 'sun/nio/fs/WindowsException'{0x00000000cd1d0a58}> (0x00000000cd1d0a58) 
thrown [s\src\hotspot\share\prims\jni.cpp, line 516]
Event: 6.582 Thread 0x00000184e3649d60 Exception <a 'java/lang/NoSuchMethodError'{0x00000000cdc104e0}: 'java.lang.Object java.lang.invoke.DirectMethodHandle$Holder.invokeVirtual(java.lang.Object, java.lang.Object, int)'> (0x00000000cdc104e0) 
thrown [s\src\hotspot\share\interpreter\linkResolver.cpp, line 804]
Event: 6.654 Thread 0x00000184e3649d60 Exception <a 'java/lang/NoSuchMethodError'{0x00000000cd942048}: 'java.lang.Object java.lang.invoke.DirectMethodHandle$Holder.invokeSpecial(java.lang.Object, java.lang.Object, java.lang.Object, java.lang.Object, java.lang.Object, int, java.lang.Object)'> (0x00000000cd942048) 
thrown [s\src\hotspot\share\interpreter\linkResolver.cpp, line 804]
Event: 6.785 Thread 0x00000184e3649d60 Exception <a 'java/lang/NoSuchMethodError'{0x00000000cd87e100}: 'java.lang.Object java.lang.invoke.DirectMethodHandle$Holder.newInvokeSpecial(java.lang.Object, java.lang.Object, int)'> (0x00000000cd87e100) 
thrown [s\src\hotspot\share\interpreter\linkResolver.cpp, line 804]
Event: 7.143 Thread 0x00000184e3649d60 Exception <a 'java/lang/NoSuchMethodError'{0x00000000cd58c2c8}: 'java.lang.Object java.lang.invoke.DirectMethodHandle$Holder.newInvokeSpecial(java.lang.Object, java.lang.Object, java.lang.Object, java.lang.Object, int)'> (0x00000000cd58c2c8) 
thrown [s\src\hotspot\share\interpreter\linkResolver.cpp, line 804]
Event: 7.143 Thread 0x00000184e3649d60 Exception <a 'java/lang/NoSuchMethodError'{0x00000000cd594cc0}: 'java.lang.Object java.lang.invoke.DirectMethodHandle$Holder.invokeSpecial(java.lang.Object, java.lang.Object, java.lang.Object, java.lang.Object, java.lang.Object, int)'> (0x00000000cd594cc0) 
thrown [s\src\hotspot\share\interpreter\linkResolver.cpp, line 804]
Event: 7.143 Thread 0x00000184e3649d60 Exception <a 'java/lang/NoSuchMethodError'{0x00000000cd59ce30}: 'java.lang.Object java.lang.invoke.Invokers$Holder.linkToTargetMethod(java.lang.Object, java.lang.Object, java.lang.Object, int, java.lang.Object)'> (0x00000000cd59ce30) 
thrown [s\src\hotspot\share\interpreter\linkResolver.cpp, line 804]
Event: 7.275 Thread 0x00000184e3649d60 Exception <a 'java/lang/NoSuchMethodError'{0x00000000cd5d88e0}: 'long java.lang.invoke.DirectMethodHandle$Holder.invokeStatic(java.lang.Object, long, long)'> (0x00000000cd5d88e0) 
thrown [s\src\hotspot\share\interpreter\linkResolver.cpp, line 804]
Event: 7.329 Thread 0x00000184e3649d60 Exception <a 'java/lang/NoSuchMethodError'{0x00000000cd25c5a0}: 'java.lang.Object java.lang.invoke.DirectMethodHandle$Holder.newInvokeSpecial(java.lang.Object, java.lang.Object, java.lang.Object, java.lang.Object, java.lang.Object, java.lang.Object, java.lang.Object, java.lang.Object, java.lang.Object, java.lang.Object, java.lang.Object)'> (0x00000000cd25c5a0) 
thrown [s\src\hotspot\share\interpreter\linkResolver.cpp, line 804]
Event: 7.475 Thread 0x00000184e3649d60 Exception <a 'java/lang/NoSuchMethodError'{0x00000000ccb9b4e0}: 'void java.lang.invoke.DelegatingMethodHandle$Holder.reinvoke_L(java.lang.Object, java.lang.Object, java.lang.Object, java.lang.Object, int, java.lang.Object, java.lang.Object, java.lang.Object)'> (0x00000000ccb9b4e0) 
thrown [s\src\hotspot\share\interpreter\linkResolver.cpp, line 804]
Event: 7.478 Thread 0x00000184e3649d60 Exception <a 'java/lang/NoSuchMethodError'{0x00000000ccbef310}: 'java.lang.Object java.lang.invoke.DirectMethodHandle$Holder.invokeStatic(java.lang.Object, java.lang.Object, java.lang.Object, java.lang.Object, java.lang.Object, java.lang.Object, java.lang.Object, java.lang.Object, java.lang.Object, java.lang.Object)'> (0x00000000ccbef310) 
thrown [s\src\hotspot\share\interpreter\linkResolver.cpp, line 804]
Event: 8.384 Thread 0x00000184e3649d60 Exception <a 'java/lang/NoSuchMethodError'{0x00000000cdc3df40}: 'int java.lang.invoke.DirectMethodHandle$Holder.invokeStatic(java.lang.Object)'> (0x00000000cdc3df40) 
thrown [s\src\hotspot\share\interpreter\linkResolver.cpp, line 804]
Event: 8.771 Thread 0x00000184e3649d60 Exception <a 'java/lang/NoSuchMethodError'{0x00000000cd937c90}: 'int java.lang.invoke.Invokers$Holder.invokeExact_MT(java.lang.Object, java.lang.Object)'> (0x00000000cd937c90) 
thrown [s\src\hotspot\share\interpreter\linkResolver.cpp, line 804]

VM Operations (20 events):
Event: 6.325 Executing non-safepoint VM operation: HandshakeAllThreads (Deoptimize)
Event: 6.325 Executing non-safepoint VM operation: HandshakeAllThreads (Deoptimize) done
Event: 6.332 Executing non-safepoint VM operation: HandshakeAllThreads (Deoptimize)
Event: 6.332 Executing non-safepoint VM operation: HandshakeAllThreads (Deoptimize) done
Event: 6.387 Executing safepoint VM operation: CollectForMetadataAllocation (Metadata GC Threshold)
Event: 6.392 Executing safepoint VM operation: CollectForMetadataAllocation (Metadata GC Threshold) done
Event: 6.413 Executing safepoint VM operation: G1PauseRemark
Event: 6.416 Executing safepoint VM operation: G1PauseRemark done
Event: 6.423 Executing safepoint VM operation: G1PauseCleanup
Event: 6.423 Executing safepoint VM operation: G1PauseCleanup done
Event: 7.322 Executing non-safepoint VM operation: HandshakeAllThreads (Deoptimize)
Event: 7.322 Executing non-safepoint VM operation: HandshakeAllThreads (Deoptimize) done
Event: 7.337 Executing non-safepoint VM operation: HandshakeAllThreads (Deoptimize)
Event: 7.337 Executing non-safepoint VM operation: HandshakeAllThreads (Deoptimize) done
Event: 7.574 Executing non-safepoint VM operation: HandshakeAllThreads (Deoptimize)
Event: 7.574 Executing non-safepoint VM operation: HandshakeAllThreads (Deoptimize) done
Event: 7.575 Executing non-safepoint VM operation: HandshakeAllThreads (Deoptimize)
Event: 7.575 Executing non-safepoint VM operation: HandshakeAllThreads (Deoptimize) done
Event: 8.104 Executing safepoint VM operation: G1CollectForAllocation (G1 Evacuation Pause)
Event: 8.112 Executing safepoint VM operation: G1CollectForAllocation (G1 Evacuation Pause) done

Memory protections (0 events):
No events

Nmethod flushes (20 events):
Event: 6.415 Thread 0x00000184f5010640 flushing  nmethod 0x00000184ee531908
Event: 6.415 Thread 0x00000184f5010640 flushing  nmethod 0x00000184ee55de88
Event: 6.415 Thread 0x00000184f5010640 flushing  nmethod 0x00000184ee889788
Event: 6.415 Thread 0x00000184f5010640 flushing  nmethod 0x00000184ee47b308
Event: 6.415 Thread 0x00000184f5010640 flushing  nmethod 0x00000184ee47c408
Event: 6.415 Thread 0x00000184f5010640 flushing  nmethod 0x00000184ee47ce88
Event: 6.415 Thread 0x00000184f5010640 flushing  nmethod 0x00000184ee47d188
Event: 6.415 Thread 0x00000184f5010640 flushing  nmethod 0x00000184ee5cef88
Event: 6.415 Thread 0x00000184f5010640 flushing  nmethod 0x00000184ee5d1988
Event: 6.415 Thread 0x00000184f5010640 flushing  nmethod 0x00000184ee4ab808
Event: 6.415 Thread 0x00000184f5010640 flushing  nmethod 0x00000184ee740c08
Event: 6.415 Thread 0x00000184f5010640 flushing  nmethod 0x00000184ee873408
Event: 6.415 Thread 0x00000184f5010640 flushing  nmethod 0x00000184ee8db688
Event: 6.415 Thread 0x00000184f5010640 flushing  nmethod 0x00000184ee47ec88
Event: 6.415 Thread 0x00000184f5010640 flushing  nmethod 0x00000184ee494f08
Event: 6.415 Thread 0x00000184f5010640 flushing  nmethod 0x00000184ee495588
Event: 6.415 Thread 0x00000184f5010640 flushing  nmethod 0x00000184ee52de88
Event: 6.415 Thread 0x00000184f5010640 flushing  nmethod 0x00000184ee5f3a88
Event: 6.415 Thread 0x00000184f5010640 flushing  nmethod 0x00000184ee75f188
Event: 6.415 Thread 0x00000184f5010640 flushing  nmethod 0x00000184ee896908

Events (20 events):
Event: 0.054 Thread 0x00000184e3649d60 Thread added: 0x00000184f5022520
Event: 0.054 Thread 0x00000184e3649d60 Thread added: 0x00000184f50246e0
Event: 0.054 Thread 0x00000184e3649d60 Thread added: 0x00000184f5025b00
Event: 0.054 Thread 0x00000184e3649d60 Thread added: 0x00000184f502a2d0
Event: 0.055 Thread 0x00000184e3649d60 Thread added: 0x00000184f502aa90
Event: 0.055 Thread 0x00000184e3649d60 Thread added: 0x00000184f502b250
Event: 0.214 Thread 0x00000184e3649d60 Thread added: 0x00000184f50a6ca0
Event: 0.221 Thread 0x00000184e3649d60 Thread added: 0x00000184f50a9a40
Event: 2.173 Thread 0x00000184e3649d60 Thread added: 0x00000184fa095ee0
Event: 2.174 Thread 0x00000184f502b250 Thread added: 0x00000184fa08d020
Event: 2.174 Thread 0x00000184f502b250 Thread added: 0x00000184fa08dc40
Event: 2.766 Thread 0x00000184e3649d60 Thread added: 0x00000184fa4b4fb0
Event: 2.852 Thread 0x00000184fa4b4fb0 Thread exited: 0x00000184fa4b4fb0
Event: 3.077 Thread 0x00000184fa095ee0 Thread exited: 0x00000184fa095ee0
Event: 6.056 Thread 0x00000184e3649d60 Thread added: 0x00000184f544e260
Event: 6.058 Thread 0x00000184f544e260 Thread added: 0x00000184f544ea20
Event: 6.063 Thread 0x00000184e3649d60 Thread added: 0x00000184f5476a70
Event: 6.461 Thread 0x00000184e3649d60 Thread added: 0x00000184fa73f6d0
Event: 6.486 Thread 0x00000184e3649d60 Thread added: 0x00000184fa055e90
Event: 6.590 Thread 0x00000184fa055e90 Thread added: 0x00000184f57a7940


Dynamic libraries:
0x00007ff6efde0000 - 0x00007ff6efdee000 	C:\Program Files\Microsoft\jdk-25.0.3.9-hotspot\bin\java.exe
0x00007fff50d70000 - 0x00007fff50f88000 	C:\Windows\SYSTEM32\ntdll.dll
0x00007fff50140000 - 0x00007fff50204000 	C:\Windows\System32\KERNEL32.DLL
0x00007fff4deb0000 - 0x00007fff4e283000 	C:\Windows\System32\KERNELBASE.dll
0x00007fff4e290000 - 0x00007fff4e3a1000 	C:\Windows\System32\ucrtbase.dll
0x00007fff32190000 - 0x00007fff321ae000 	C:\Program Files\Microsoft\jdk-25.0.3.9-hotspot\bin\VCRUNTIME140.dll
0x00007fff30ec0000 - 0x00007fff30ed7000 	C:\Program Files\Microsoft\jdk-25.0.3.9-hotspot\bin\jli.dll
0x00007fff4fbb0000 - 0x00007fff4fd62000 	C:\Windows\System32\USER32.dll
0x00007fff4de80000 - 0x00007fff4dea6000 	C:\Windows\System32\win32u.dll
0x00007fff33f40000 - 0x00007fff341dc000 	C:\Windows\WinSxS\amd64_microsoft.windows.common-controls_6595b64144ccf1df_6.0.22621.6060_none_2712eda17382d24b\COMCTL32.dll
0x00007fff4fd70000 - 0x00007fff4fd99000 	C:\Windows\System32\GDI32.dll
0x00007fff50210000 - 0x00007fff502b7000 	C:\Windows\System32\msvcrt.dll
0x00007fff4e3b0000 - 0x00007fff4e4cb000 	C:\Windows\System32\gdi32full.dll
0x00007fff4e4d0000 - 0x00007fff4e56a000 	C:\Windows\System32\msvcp_win.dll
0x00007fff509a0000 - 0x00007fff509d1000 	C:\Windows\System32\IMM32.DLL
0x00007fff32260000 - 0x00007fff3226c000 	C:\Program Files\Microsoft\jdk-25.0.3.9-hotspot\bin\vcruntime140_1.dll
0x00007fff28480000 - 0x00007fff28509000 	C:\Program Files\Microsoft\jdk-25.0.3.9-hotspot\bin\msvcp140.dll
0x00007ffef5a20000 - 0x00007ffef6952000 	C:\Program Files\Microsoft\jdk-25.0.3.9-hotspot\bin\server\jvm.dll
0x00007fff4ea80000 - 0x00007fff4eb31000 	C:\Windows\System32\ADVAPI32.dll
0x00007fff4f1b0000 - 0x00007fff4f258000 	C:\Windows\System32\sechost.dll
0x00007fff4e630000 - 0x00007fff4e658000 	C:\Windows\System32\bcrypt.dll
0x00007fff4fdb0000 - 0x00007fff4fec8000 	C:\Windows\System32\RPCRT4.dll
0x00007fff4ffb0000 - 0x00007fff50021000 	C:\Windows\System32\WS2_32.dll
0x00007fff4a190000 - 0x00007fff4a1c4000 	C:\Windows\SYSTEM32\WINMM.dll
0x00007fff4dd50000 - 0x00007fff4dd9d000 	C:\Windows\SYSTEM32\POWRPROF.dll
0x00007fff498c0000 - 0x00007fff498ca000 	C:\Windows\SYSTEM32\VERSION.dll
0x00007fff4dd30000 - 0x00007fff4dd43000 	C:\Windows\SYSTEM32\UMPDC.dll
0x00007fff4ce30000 - 0x00007fff4ce48000 	C:\Windows\SYSTEM32\kernel.appcore.dll
0x00007fff32180000 - 0x00007fff3218a000 	C:\Program Files\Microsoft\jdk-25.0.3.9-hotspot\bin\jimage.dll
0x00007fff3d710000 - 0x00007fff3d943000 	C:\Windows\SYSTEM32\DBGHELP.DLL
0x00007fff4eb40000 - 0x00007fff4eed1000 	C:\Windows\System32\combase.dll
0x00007fff4fed0000 - 0x00007fff4ffa8000 	C:\Windows\System32\OLEAUT32.dll
0x00007fff2e6d0000 - 0x00007fff2e702000 	C:\Windows\SYSTEM32\dbgcore.DLL
0x00007fff4e820000 - 0x00007fff4e89b000 	C:\Windows\System32\bcryptPrimitives.dll
0x00007fff22270000 - 0x00007fff2228f000 	C:\Program Files\Microsoft\jdk-25.0.3.9-hotspot\bin\java.dll
0x00007fff4ef50000 - 0x00007fff4f0f1000 	C:\Windows\System32\ole32.dll
0x00007fff4f2f0000 - 0x00007fff4fb8c000 	C:\Windows\System32\SHELL32.dll
0x00007fff4e660000 - 0x00007fff4e79f000 	C:\Windows\System32\wintypes.dll
0x00007fff4bd30000 - 0x00007fff4c64a000 	C:\Windows\SYSTEM32\windows.storage.dll
0x00007fff50030000 - 0x00007fff50134000 	C:\Windows\System32\SHCORE.dll
0x00007fff4eee0000 - 0x00007fff4ef49000 	C:\Windows\System32\shlwapi.dll
0x00007fff4ddb0000 - 0x00007fff4ddd5000 	C:\Windows\SYSTEM32\profapi.dll
0x00007fff22250000 - 0x00007fff22262000 	C:\Program Files\Microsoft\jdk-25.0.3.9-hotspot\bin\net.dll
0x00007fff4d320000 - 0x00007fff4d389000 	C:\Windows\system32\mswsock.dll
0x00007fff1ff80000 - 0x00007fff1ff96000 	C:\Program Files\Microsoft\jdk-25.0.3.9-hotspot\bin\nio.dll
0x00007fff1ff60000 - 0x00007fff1ff76000 	C:\Program Files\Microsoft\jdk-25.0.3.9-hotspot\bin\zip.dll
0x00007fff326a0000 - 0x00007fff326ae000 	C:\Program Files\Microsoft\jdk-25.0.3.9-hotspot\bin\sunmscapi.dll
0x00007fff4e8a0000 - 0x00007fff4ea08000 	C:\Windows\System32\CRYPT32.dll
0x00007fff4d730000 - 0x00007fff4d75e000 	C:\Windows\SYSTEM32\ncrypt.dll
0x00007fff4d6f0000 - 0x00007fff4d727000 	C:\Windows\SYSTEM32\NTASN1.dll
0x00007fff30f70000 - 0x00007fff30f80000 	C:\Program Files\Microsoft\jdk-25.0.3.9-hotspot\bin\verify.dll
0x00007fff4d5a0000 - 0x00007fff4d5bb000 	C:\Windows\SYSTEM32\CRYPTSP.dll
0x00007fff4cd90000 - 0x00007fff4cdc7000 	C:\Windows\system32\rsaenh.dll
0x00007fff4d430000 - 0x00007fff4d458000 	C:\Windows\SYSTEM32\USERENV.dll
0x00007fff4d590000 - 0x00007fff4d59c000 	C:\Windows\SYSTEM32\CRYPTBASE.dll
0x00007fff4c8b0000 - 0x00007fff4c8dd000 	C:\Windows\SYSTEM32\IPHLPAPI.DLL
0x00007fff50480000 - 0x00007fff50489000 	C:\Windows\System32\NSI.dll
0x00007fff32270000 - 0x00007fff3227a000 	C:\Program Files\Microsoft\jdk-25.0.3.9-hotspot\bin\management.dll
0x00007fff32230000 - 0x00007fff3223c000 	C:\Program Files\Microsoft\jdk-25.0.3.9-hotspot\bin\management_ext.dll
0x00007fff50d00000 - 0x00007fff50d08000 	C:\Windows\System32\PSAPI.DLL
0x00007fff4c920000 - 0x00007fff4ca18000 	C:\Windows\SYSTEM32\DNSAPI.dll
0x00007fff46660000 - 0x00007fff4666a000 	C:\Windows\System32\rasadhlp.dll
0x00007fff47740000 - 0x00007fff477c4000 	C:\Windows\System32\fwpuclnt.dll
0x00007fff32280000 - 0x00007fff32289000 	C:\Program Files\Microsoft\jdk-25.0.3.9-hotspot\bin\extnet.dll

JVMTI agents: none

dbghelp: loaded successfully - version: 4.0.5 - missing functions: none
symbol engine: initialized successfully - sym options: 0x614 - pdb path: .;C:\Program Files\Microsoft\jdk-25.0.3.9-hotspot\bin;C:\Windows\SYSTEM32;C:\Windows\WinSxS\amd64_microsoft.windows.common-controls_6595b64144ccf1df_6.0.22621.6060_none_2712eda17382d24b;C:\Program Files\Microsoft\jdk-25.0.3.9-hotspot\bin\server

VM Arguments:
jvm_args: -XX:TieredStopAtLevel=1 
java_command: com.company.chatplatform.notificationservice.NotificationApplication
java_class_path (initial): F:\CDAC\realtime_chat_antigravity\backend\notification-service\target\classes;C:\Users\sande\.m2\repository\com\company\chatplatform\common-core\1.0.0-SNAPSHOT\common-core-1.0.0-SNAPSHOT.jar;C:\Users\sande\.m2\repository\com\fasterxml\jackson\core\jackson-databind\2.15.4\jackson-databind-2.15.4.jar;C:\Users\sande\.m2\repository\com\fasterxml\jackson\core\jackson-annotations\2.15.4\jackson-annotations-2.15.4.jar;C:\Users\sande\.m2\repository\com\fasterxml\jackson\core\jackson-core\2.15.4\jackson-core-2.15.4.jar;C:\Users\sande\.m2\repository\com\fasterxml\jackson\datatype\jackson-datatype-jsr310\2.15.4\jackson-datatype-jsr310-2.15.4.jar;C:\Users\sande\.m2\repository\com\company\chatplatform\common-security\1.0.0-SNAPSHOT\common-security-1.0.0-SNAPSHOT.jar;C:\Users\sande\.m2\repository\org\springframework\spring-aop\6.1.5\spring-aop-6.1.5.jar;C:\Users\sande\.m2\repository\org\springframework\security\spring-security-config\6.2.3\spring-security-config-6.2.3.jar;C:\Users\sande\.m2\repository\org\springframework\security\spring-security-core\6.2.3\spring-security-core-6.2.3.jar;C:\Users\sande\.m2\repository\org\springframework\security\spring-security-crypto\6.2.3\spring-security-crypto-6.2.3.jar;C:\Users\sande\.m2\repository\org\springframework\security\spring-security-web\6.2.3\spring-security-web-6.2.3.jar;C:\Users\sande\.m2\repository\io\jsonwebtoken\jjwt-api\0.12.5\jjwt-api-0.12.5.jar;C:\Users\sande\.m2\repository\io\jsonwebtoken\jjwt-impl\0.12.5\jjwt-impl-0.12.5.jar;C:\Users\sande\.m2\repository\io\jsonwebtoken\jjwt-jackson\0.12.5\jjwt-jackson-0.12.5.jar;C:\Users\sande\.m2\repository\com\company\chatplatform\common-kafka\1.0.0-SNAPSHOT\common-kafka-1.0.0-SNAPSHOT.jar;C:\Users\sande\.m2\repository\org\springframework\kafka\spring-kafka\3.1.3\spring-kafka-3.1.3.jar;C:\Users\sande\.m2\repository\org\springframework\spring-context\6.1.5\spring-context-6.1.5.jar;C:\Users\sande\.m2\repository\org\springframework\spring-messaging\6.1.5\spring-messaging-6.1.5.jar;C:\Users\sande\.m2\repository\org\springframework\spring-tx\6.1.5\spring-tx-6.1.5.jar;C:\Users\sande\.m2\repository\org\springframework\retry\spring-retry\2.0.5\spring-retry-2.0.5.jar;C:\Users\sande\.m2\repository\org\apache\kafka\kafka-clients\3.6.1\kafka-clients-3.6.1.jar;C:\Users\sande\.m2\repository\com\github\luben\zstd-jni\1.5.5-1\zstd-jni-1.5.5-1.jar;C:\Users\sande\.m2\repository\org\lz4\lz4-java\1.8.0\lz4-java-1.8.0.jar;C:\Users\sande\.m2\repository\org\xerial\snappy\snappy-java\1.1.10.5\snappy-java-1.1.10.5.jar;C:\Users\sande\.m2\repository\com\google\code\findbugs\jsr305\3.0.2\jsr305-3.0.2.jar;C:\Users\sande\.m2\repository\com\company\chatplatform\common-web\1.0.0-SNAPSHOT\common-web-1.0.0-SNAPSHOT.jar;C:\Users\sande\.m2\repository\org\apache\tomcat\embed\tomcat-embed-el\10.1.19\tomcat-embed-el-10.1.19.jar;C:\Users\sande\.m2\repository\org\hibernate\validator\hibernate-validator\8.0.1.Final\hibernate-validator-8.0.1.Final.jar;C:\Users\sande\.m2\repository\com\company\chatplatform\common-validation\1.0.0-SNAPSHOT\common-validation-1.0.0-SNAPSHOT.jar;C:\Users\sande\.m2\repository\jakarta\validation\jakarta.validation-api\3.0.2\jakarta.validation-api-3.0.2.jar;C:\Users\sande\.m2\repository\com\company\chatplatform\common-observability\1.0.0-SNAPSHOT\common-observability-1.0.0-SNAPSHOT.jar;C:\Users\sande\.m2\repository\io\micrometer\micrometer-tracing\1.2.4\micrometer-tracing-1.2.4.jar;C:\Users\sande\.m2\repository\io\micrometer\context-propagation\1.1.1\context-propagation-1.1.1.jar;C:\Users\sande\.m2\repository\aopalliance\aopalliance\1.0\aopalliance-1.0.jar;C:\Users\sande\.m2\repository\org\springframework\boot\spring-boot\3.2.4\spring-boot-3.2.4.jar;C:\Users\sande\.m2\repository\org\springframework\boot\spring-boot-autoconfigure\3.2.4\spring-boot-autoconfigure-3.2.4.jar;C:\Users\sande\.m2\repository\ch\qos\logback\logback-classic\1.4.14\logback-classic-1.4.14.jar;C:\Users\sande\.m2\repository\ch\qos\logback\logback-core\1.4.14\logback-core-1.4.14.jar;C:\Users\sande\.m2\repository\org\apache\logging\log4j\log4j-to-slf4j\2.21.1\log4j-to-slf4j-2.21.1.jar;C:\Users\sande\.m2\repository\org\apache\logging\log4j\log4j-api\2.21.1\log4j-api-2.21.1.jar;C:\Users\sande\.m2\repository\org\slf4j\jul-to-slf4j\2.0.12\jul-to-slf4j-2.0.12.jar;C:\Users\sande\.m2\repository\jakarta\annotation\jakarta.annotation-api\2.1.1\jakarta.annotation-api-2.1.1.jar;C:\Users\sande\.m2\repository\org\yaml\snakeyaml\2.2\snakeyaml-2.2.jar;C:\Users\sande\.m2\repository\com\fasterxml\jackson\datatype\jackson-datatype-jdk8\2.15.4\jackson-datatype-jdk8-2.15.4.jar;C:\Users\sande\.m2\repository\com\fasterxml\jackson\module\jackson-module-parameter-names\2.15.4\jackson-module-parameter-names-2.15.4.jar;C:\Users\sande\.m2\repository\org\apache\tomcat\embed\tomcat-embed-core\10.1.19\tomcat-embed-core-10.1.19.jar;C:\Users\sande\.m2\repository\org\apache\tomcat\embed\tomcat-embed-websocket\10.1.19\tomcat-embed-websocket-10.1.19.jar;C:\Users\sande\.m2\repository\org\springframework\spring-web\6.1.5\spring-web-6.1.5.jar;C:\Users\sande\.m2\repository\org\springframework\spring-beans\6.1.5\spring-beans-6.1.5.jar;C:\Users\sande\.m2\repository\org\springframework\spring-webmvc\6.1.5\spring-webmvc-6.1.5.jar;C:\Users\sande\.m2\repository\org\springframework\spring-expression\6.1.5\spring-expression-6.1.5.jar;C:\Users\sande\.m2\repository\org\aspectj\aspectjweaver\1.9.21\aspectjweaver-1.9.21.jar;C:\Users\sande\.m2\repository\com\zaxxer\HikariCP\5.0.1\HikariCP-5.0.1.jar;C:\Users\sande\.m2\repository\org\springframework\spring-jdbc\6.1.5\spring-jdbc-6.1.5.jar;C:\Users\sande\.m2\repository\org\hibernate\orm\hibernate-core\6.4.4.Final\hibernate-core-6.4.4.Final.jar;C:\Users\sande\.m2\repository\jakarta\persistence\jakarta.persistence-api\3.1.0\jakarta.persistence-api-3.1.0.jar;C:\Users\sande\.m2\repository\jakarta\transaction\jakarta.transaction-api\2.0.1\jakarta.transaction-api-2.0.1.jar;C:\Users\sande\.m2\repository\org\jboss\logging\jboss-logging\3.5.3.Final\jboss-logging-3.5.3.Final.jar;C:\Users\sande\.m2\repository\org\hibernate\common\hibernate-commons-annotations\6.0.6.Final\hibernate-commons-annotations-6.0.6.Final.jar;C:\Users\sande\.m2\repository\io\smallrye\jandex\3.1.2\jandex-3.1.2.jar;C:\Users\sande\.m2\repository\com\fasterxml\classmate\1.6.0\classmate-1.6.0.jar;C:\Users\sande\.m2\repository\net\bytebuddy\byte-buddy\1.14.12\byte-buddy-1.14.12.jar;C:\Users\sande\.m2\repository\org\glassfish\jaxb\jaxb-runtime\4.0.5\jaxb-runtime-4.0.5.jar;C:\Users\sande\.m2\repository\org\glassfish\jaxb\jaxb-core\4.0.5\jaxb-core-4.0.5.jar;C:\Users\sande\.m2\repository\org\eclipse\angus\angus-activation\2.0.2\angus-activation-2.0.2.jar;C:\Users\sande\.m2\repository\org\glassfish\jaxb\txw2\4.0.5\txw2-4.0.5.jar;C:\Users\sande\.m2\repository\com\sun\istack\istack-commons-runtime\4.1.2\istack-commons-runtime-4.1.2.jar;C:\Users\sande\.m2\repository\jakarta\inject\jakarta.inject-api\2.0.1\jakarta.inject-api-2.0.1.jar;C:\Users\sande\.m2\repository\org\antlr\antlr4-runtime\4.13.0\antlr4-runtime-4.13.0.jar;C:\Users\sande\.m2\repository\org\springframework\data\spring-data-jpa\3.2.4\spring-data-jpa-3.2.4.jar;C:\Users\sande\.m2\repository\org\springframework\data\spring-data-commons\3.2.4\spring-data-commons-3.2.4.jar;C:\Users\sande\.m2\repository\org\springframework\spring-orm\6.1.5\spring-orm-6.1.5.jar;C:\Users\sande\.m2\repository\org\slf4j\slf4j-api\2.0.12\slf4j-api-2.0.12.jar;C:\Users\sande\.m2\repository\org\springframework\spring-aspects\6.1.5\spring-aspects-6.1.5.jar;C:\Users\sande\.m2\repository\org\springframework\boot\spring-boot-actuator-autoconfigure\3.2.4\spring-boot-actuator-autoconfigure-3.2.4.jar;C:\Users\sande\.m2\repository\org\springframework\boot\spring-boot-actuator\3.2.4\spring-boot-actuator-3.2.4.jar;C:\Users\sande\.m2\repository\io\micrometer\micrometer-observation\1.12.4\micrometer-observation-1.12.4.jar;C:\Users\sande\.m2\repository\io\micrometer\micrometer-commons\1.12.4\micrometer-commons-1.12.4.jar;C:\Users\sande\.m2\repository\io\micrometer\micrometer-jakarta9\1.12.4\micrometer-jakarta9-1.12.4.jar;C:\Users\sande\.m2\repository\io\micrometer\micrometer-core\1.12.4\micrometer-core-1.12.4.jar;C:\Users\sande\.m2\repository\org\hdrhistogram\HdrHistogram\2.1.12\HdrHistogram-2.1.12.jar;C:\Users\sande\.m2\repository\org\latencyutils\LatencyUtils\2.0.3\LatencyUtils-2.0.3.jar;C:\Users\sande\.m2\repository\org\flywaydb\flyway-core\9.22.3\flyway-core-9.22.3.jar;C:\Users\sande\.m2\repository\com\fasterxml\jackson\dataformat\jackson-dataformat-toml\2.15.4\jackson-dataformat-toml-2.15.4.jar;C:\Users\sande\.m2\repository\com\google\code\gson\gson\2.10.1\gson-2.10.1.jar;C:\Users\sande\.m2\repository\org\postgresql\postgresql\42.6.2\postgresql-42.6.2.jar;C:\Users\sande\.m2\repository\org\checkerframework\checker-qual\3.31.0\checker-qual-3.31.0.jar;C:\Users\sande\.m2\repository\jakarta\xml\bind\jakarta.xml.bind-api\4.0.2\jakarta.xml.bind-api-4.0.2.jar;C:\Users\sande\.m2\repository\jakarta\activation\jakarta.activation-api\2.1.3\jakarta.activation-api-2.1.3.jar;C:\Users\sande\.m2\repository\org\springframework\spring-core\6.1.5\spring-core-6.1.5.jar;C:\Users\sande\.m2\repository\org\springframework\spring-jcl\6.1.5\spring-jcl-6.1.5.jar
Launcher Type: SUN_STANDARD

[Global flags]
     intx CICompilerCount                          = 4                                         {product} {ergonomic}
     uint ConcGCThreads                            = 2                                         {product} {ergonomic}
     uint G1ConcRefinementThreads                  = 8                                         {product} {ergonomic}
   size_t G1HeapRegionSize                         = 1048576                                   {product} {ergonomic}
   size_t InitialHeapSize                          = 58720256                                  {product} {ergonomic}
   size_t MarkStackSize                            = 4194304                                   {product} {ergonomic}
   size_t MarkStackSizeMax                         = 536870912                                 {product} {ergonomic}
   size_t MaxHeapSize                              = 908066816                                 {product} {ergonomic}
   size_t MaxNewSize                               = 544210944                                 {product} {ergonomic}
   size_t MinHeapDeltaBytes                        = 1048576                                   {product} {ergonomic}
   size_t MinHeapSize                              = 8388608                                   {product} {ergonomic}
    uintx NonNMethodCodeHeapSize                   = 4096                                   {pd product} {ergonomic}
    uintx NonProfiledCodeHeapSize                  = 0                                      {pd product} {ergonomic}
     bool ProfileInterpreter                       = false                                  {pd product} {command line}
    uintx ProfiledCodeHeapSize                     = 0                                      {pd product} {ergonomic}
   size_t SoftMaxHeapSize                          = 908066816                              {manageable} {ergonomic}
     intx TieredStopAtLevel                        = 1                                         {product} {command line}
     bool UseCompressedOops                        = true                           {product lp64_product} {ergonomic}
     bool UseG1GC                                  = true                                      {product} {ergonomic}
     bool UseLargePagesIndividualAllocation        = false                                  {pd product} {ergonomic}

Logging:
Log output configuration:
 #0: stdout all=warning uptime,level,tags foldmultilines=false
 #1: stderr all=off uptime,level,tags foldmultilines=false

Release file:
IMPLEMENTOR="Microsoft" 
IMPLEMENTOR_VERSION="Microsoft-13877124" 
JAVA_RUNTIME_VERSION="25.0.3+9-LTS" 
JAVA_VERSION="25.0.3" 
JAVA_VERSION_DATE="2026-04-21" 
LIBC="default" 
MODULES="java.base java.compiler java.datatransfer java.xml java.prefs java.desktop java.instrument java.logging java.management java.security.sasl java.naming java.rmi java.management.rmi java.net.http java.scripting java.security.jgss java.transaction.xa java.sql java.sql.rowset java.xml.crypto java.se java.smartcardio jdk.accessibility jdk.internal.jvmstat jdk.attach jdk.charsets jdk.internal.opt jdk.zipfs jdk.compiler jdk.crypto.cryptoki jdk.crypto.ec jdk.crypto.mscapi jdk.dynalink jdk.internal.ed jdk.editpad jdk.internal.vm.ci jdk.graal.compiler jdk.graal.compiler.management jdk.hotspot.agent jdk.httpserver jdk.incubator.vector jdk.internal.le jdk.internal.md jdk.jartool jdk.javadoc jdk.jcmd jdk.management jdk.management.agent jdk.jconsole jdk.jdeps jdk.jdwp.agent jdk.jdi jdk.jfr jdk.jlink jdk.jpackage jdk.jshell jdk.jsobject jdk.jstatd jdk.localedata jdk.management.jfr jdk.naming.dns jdk.naming.rmi jdk.net jdk.nio.mapmode jdk.sctp jdk.security.auth jdk.security.jgss jdk.unsupported jdk.unsupported.desktop jdk.xml.dom" 
OS_ARCH="x86_64" 
OS_NAME="Windows" 
SOURCE=".:git:7a05ec815bae" 

Environment Variables:
JAVA_HOME=C:\Program Files\Microsoft\jdk-25.0.3.9-hotspot
PATH=c:\Users\sande\AppData\Roaming\Code\User\globalStorage\github.copilot-chat\debugCommand;c:\Users\sande\AppData\Roaming\Code\User\globalStorage\github.copilot-chat\copilotCli;C:\Program Files\Git\bin;C:\Program Files\Microsoft\jdk-25.0.3.9-hotspot\bin;C:\msys64\ucrt64\bin;C:\Program Files\Common Files\Oracle\Java\javapath;C:\Windows\system32;C:\Windows;C:\Windows\System32\Wbem;C:\Windows\System32\WindowsPowerShell\v1.0\;C:\Windows\System32\OpenSSH\;C:\Program Files\nodejs\;C:\Program Files\Git\cmd;C:\Program Files\Microsoft\jdk-25.0.3.9-hotspot\bin;C:\Program Files\Microsoft SQL Server\170\Tools\Binn\;C:\Program Files\Microsoft SQL Server\Client SDK\ODBC\170\Tools\Binn\;C:\Program Files\dotnet\;C:\Program Files\Docker\Docker\resources\bin;C:\Program Files\MySQL\MySQL Server 9.7\bin;C:\Users\sande\AppData\Local\Microsoft\WindowsApps;C:\Users\sande\AppData\Roaming\npm;C:\Users\sande\AppData\Local\Programs\Microsoft VS Code\bin;C:\Users\sande\AppData\Local\Programs\Antigravity IDE\bin;C:\Users\sande\.dotnet\tools;C:\Users\sande\.maven\apache-maven-3.9.6\bin;c:\Users\sande\.vscode\extensions\vscjava.vscode-java-debug-0.59.0\bundled\scripts\noConfigScripts
USERNAME=sande
LANG=en_US.UTF-8
OS=Windows_NT
PROCESSOR_IDENTIFIER=AMD64 Family 23 Model 24 Stepping 1, AuthenticAMD
TMP=C:\Users\sande\AppData\Local\Temp
TEMP=C:\Users\sande\AppData\Local\Temp




Compilation memory statistics disabled.

Periodic native trim disabled

---------------  S Y S T E M  ---------------

OS:
 Windows 11 , 64 bit Build 22621 (10.0.22621.5415)
OS uptime: 0 days 2:34 hours
Hyper-V role detected

CPU: total 8 (initial active 8) (8 cores per cpu, 2 threads per core) family 23 model 24 stepping 1 microcode 0x0, cx8, cmov, fxsr, ht, mmx, 3dnowpref, sse, sse2, sse3, ssse3, sse4a, sse4.1, sse4.2, popcnt, lzcnt, tsc, tscinvbit, avx, avx2, aes, clmul, bmi1, bmi2, adx, sha, fma, vzeroupper, clflush, clflushopt, hv, rdtscp, f16c
Processor Information for processor 0
  Max Mhz: 2100, Current Mhz: 2100, Mhz Limit: 2100
Processor Information for processor 1
  Max Mhz: 2100, Current Mhz: 2100, Mhz Limit: 2100
Processor Information for processor 2
  Max Mhz: 2100, Current Mhz: 2100, Mhz Limit: 2100
Processor Information for processor 3
  Max Mhz: 2100, Current Mhz: 2100, Mhz Limit: 2100
Processor Information for processor 4
  Max Mhz: 2100, Current Mhz: 2100, Mhz Limit: 2100
Processor Information for processor 5
  Max Mhz: 2100, Current Mhz: 2100, Mhz Limit: 2100
Processor Information for processor 6
  Max Mhz: 2100, Current Mhz: 1400, Mhz Limit: 2100
Processor Information for processor 7
  Max Mhz: 2100, Current Mhz: 1400, Mhz Limit: 2100

Memory: 4k page, system-wide physical 3456M (202M free)
TotalPageFile size 14208M (AvailPageFile size 0M)
current process WorkingSet (physical memory assigned to process): 182M, peak: 182M
current process commit charge ("private bytes"): 223M, peak: 223M

vm_info: OpenJDK 64-Bit Server VM (25.0.3+9-LTS) for windows-amd64 JRE (25.0.3+9-LTS), built on 2026-04-18T17:53:19Z with MS VC++ 17.14 (VS2022)

END.
